id;data_inversa;dia_semana;horario;br;km;municipio;causa_acidente;tipo_acidente;classificacao_acidente;fase_dia;sentido_via;condicao_metereologica;tipo_pista;tracado_via;uso_solo;pessoas;mortos;feridos_leves;feridos_graves;ilesos;ignorados;feridos;veiculos;latitude;longitude
205745.0;2019-04-26;sexta-feira;16:30:00;101.0;386.6;RIO NOVO DO SUL;Não guardar distância de segurança;Colisão traseira;Com Vítimas Feridas;Pleno dia;Crescente;Nublado;Simples;Reta;0;2;0;1;0;1;0;1;2;-20.8463;-40.8766
205750.0;2019-04-26;sexta-feira;20:00:00;393.0;3.4;CACHOEIRO DE ITAPEMIRIM;Velocidade Incompatível;Colisão transversal;Com Vítimas Feridas;Plena Noite;Crescente;Céu Claro;Simples;Reta;1;2;0;1;0;1;0;1;2;-20.82654;-41.18519
205772.0;2019-04-26;sexta-feira;21:40:00;262.0;3.9;CARIACICA;Falta de Atenção à Condução;Colisão traseira;Com Vítimas Feridas;Pleno dia;Crescente;Céu Claro;Múltipla;Reta;1;2;0;1;0;1;0;1;2;-20.33374;-40.36911
205785.0;2019-04-27;sábado;01:18:00;101.0;204;JOAO NEIVA;Falta de Atenção à Condução;Saída de leito carroçável;Com Vítimas Feridas;Plena Noite;Crescente;Nublado;Simples;Interseção de vias;1;1;0;1;0;0;0;1;1;-19.74949;-40.37923
205786.0;2019-04-27;sábado;01:30:00;101.0;162;LINHARES;Falta de Atenção à Condução;Colisão frontal;Com Vítimas Feridas;Plena Noite;Crescente;Céu Claro;Simples;Reta;0;2;0;0;1;1;0;1;2;-19.49015;-40.12624
205817.0;2019-04-27;sábado;07:00:00;101.0;358.7;ANCHIETA;Não guardar distância de segurança;Colisão traseira;Com Vítimas Feridas;Pleno dia;Crescente;Céu Claro;Simples;Reta;0;2;0;1;0;1;0;1;2;-20.69172;-40.70425
205827.0;2019-04-27;sábado;07:45:00;482.0;55.1;CACHOEIRO DE ITAPEMIRIM;Ultrapassagem Indevida;Saída de leito carroçável;Com Vítimas Fatais;Amanhecer;Decrescente;Céu Claro;Simples;Reta;0;2;1;0;1;0;0;1;1;-20.78195;-41.32379
205846.0;2019-04-27;sábado;08:30:00;259.0;36.4;COLATINA;Desobediência às normas de trânsito pelo condutor;Colisão transversal;Com Vítimas Feridas;Pleno dia;Decrescente;Céu Claro;Simples;Interseção de vias;0;4;0;3;0;1;0;3;3;-19.55386;-40.50237
205883.0;2019-04-27;sábado;11:45:00;101.0;263.9;SERRA;Desobediência às normas de trânsito pelo condutor;Colisão transversal;Com Vítimas Feridas;Pleno dia;Decrescente;Céu Claro;Múltipla;Reta;1;2;0;1;0;1;0;1;2;-20.16555;-40.27302
205932.0;2019-04-27;sábado;17:30:00;101.0;120;SOORETAMA;Defeito Mecânico no Veículo;Tombamento;Com Vítimas Feridas;Anoitecer;Crescente;Nublado;Simples;Não Informado;0;2;0;2;0;0;0;2;1;-19.14385;-40.0751
205953.0;2019-04-27;sábado;19:30:00;101.0;260.8;SERRA;Desobediência às normas de trânsito pelo condutor;Colisão traseira;Com Vítimas Feridas;Anoitecer;Crescente;Céu Claro;Simples;Curva;1;3;0;2;0;0;1;2;2;-20.1478;-40.28035
205977.0;2019-04-27;sábado;20:00:00;101.0;269.8;SERRA;Desobediência às normas de trânsito pelo condutor;Colisão transversal;Com Vítimas Fatais;Plena Noite;Crescente;Céu Claro;Múltipla;Interseção de vias;1;3;2;0;0;1;0;0;2;-20.2174;-40.26991
206015.0;2019-04-28;domingo;00:40:00;101.0;122.8;SOORETAMA;Animais na Pista;Atropelamento de Animal;Com Vítimas Feridas;Plena Noite;Crescente;Céu Claro;Simples;Reta;0;4;0;2;0;1;1;2;2;-19.16835;-40.08717
206035.0;2019-04-28;domingo;02:30:00;482.0;48;ALEGRE;Animais na Pista;Atropelamento de Animal;Com Vítimas Feridas;Plena Noite;Crescente;Céu Claro;Simples;Reta;0;1;0;1;0;0;0;1;1;-20.76151;-41.51441
206065.0;2019-04-28;domingo;08:00:00;101.0;260;SERRA;Falta de Atenção à Condução;Tombamento;Com Vítimas Feridas;Pleno dia;Crescente;Chuva;Dupla;Desvio Temporário;0;2;0;2;0;0;0;2;1;-20.14616;-40.28836
206176.0;2019-04-28;domingo;20:20:00;101.0;158.5;LINHARES;Não guardar distância de segurança;Colisão traseira;Com Vítimas Feridas;Plena Noite;Decrescente;Nublado;Simples;Reta;0;2;0;0;1;1;0;1;2;-19.46095;-40.10491
206178.0;2019-04-28;domingo;20:10:00;101.0;147.1;LINHARES;Falta de Atenção à Condução;Colisão transversal;Com Vítimas Feridas;Plena Noite;Decrescente;Céu Claro;Simples;Rotatória;1;2;0;0;1;1;0;1;2;-19.37887;-40.06658
206189.0;2019-04-28;domingo;20:50:00;101.0;91.7;JAGUARE;Falta de Atenção à Condução;Colisão lateral;Sem Vítimas;Plena Noite;Crescente;Céu Claro;Simples;Reta;0;2;0;0;0;2;0;0;2;-18.90627;-39.95996
206206.0;2019-04-28;domingo;23:30:00;262.0;6;CARIACICA;Ingestão de Álcool;Colisão traseira;Com Vítimas Feridas;Plena Noite;Decrescente;Céu Claro;Dupla;Reta;1;3;0;1;1;1;0;2;2;-20.34007;-40.39451
206272.0;2019-04-29;segunda-feira;11:40:00;101.0;391.7;RIO NOVO DO SUL;Condutor Dormindo;Saída de leito carroçável;Com Vítimas Feridas;Pleno dia;Crescente;Céu Claro;Simples;Curva;0;1;0;1;0;0;0;1;1;-20.86579;-40.89634
206321.0;2019-04-29;segunda-feira;17:50:00;262.0;43.8;MARECHAL FLORIANO;Desobediência às normas de trânsito pelo condutor;Colisão frontal;Com Vítimas Fatais;Anoitecer;Crescente;Céu Claro;Dupla;Reta;0;4;2;0;0;1;1;0;2;-20.38448;-40.66252
206416.0;2019-04-30;terça-feira;10:00:00;101.0;342.9;GUARAPARI;Ultrapassagem Indevida;Colisão lateral;Com Vítimas Feridas;Pleno dia;Crescente;Céu Claro;Simples;Reta;0;4;0;1;0;3;0;1;3;-20.65737;-40.58235
206474.0;2019-04-30;terça-feira;16:15:00;101.0;375.9;ICONHA;Falta de Atenção à Condução;Colisão transversal;Com Vítimas Feridas;Pleno dia;Crescente;Céu Claro;Simples;Reta;1;2;0;1;0;1;0;1;2;-20.78856;-40.79561
206504.0;2019-04-30;terça-feira;19:00:00;259.0;63;COLATINA;Falta de Atenção à Condução;Atropelamento de Pedestre;Com Vítimas Feridas;Plena Noite;Crescente;Nublado;Simples;Reta;1;3;0;1;2;0;0;3;1;-19.52753;-40.6987
206521.0;2019-04-30;terça-feira;20:40:00;101.0;299.4;VIANA;Falta de Atenção à Condução;Colisão traseira;Com Vítimas Feridas;Plena Noite;Decrescente;Céu Claro;Múltipla;Não Informado;1;2;0;1;0;1;0;1;2;-20.35861;-40.42328
206600.0;2019-05-01;quarta-feira;04:30:00;101.0;264.1;SERRA;Ingestão de Álcool;Colisão traseira;Sem Vítimas;Amanhecer;Decrescente;Céu Claro;Múltipla;Reta;1;3;0;0;0;3;0;0;2;-20.17293;-40.26736
206637.0;2019-05-01;quarta-feira;11:10:00;101.0;262.8;SERRA;Pista Escorregadia;Capotamento;Com Vítimas Feridas;Pleno dia;Crescente;Garoa/Chuvisco;Dupla;Reta;1;2;0;1;0;1;0;1;2;-20.15723;-40.27678
206688.0;2019-05-01;quarta-feira;18:30:00;101.0;267;SERRA;Não guardar distância de segurança;Colisão lateral;Com Vítimas Feridas;Plena Noite;Crescente;Céu Claro;Múltipla;Reta;1;5;0;1;0;4;0;1;4;-20.19931;-40.26885
206695.0;2019-05-01;quarta-feira;19:40:00;101.0;147.2;LINHARES;Desobediência às normas de trânsito pelo condutor;Colisão transversal;Com Vítimas Feridas;Plena Noite;Crescente;Nublado;Múltipla;Interseção de vias;1;2;0;1;0;1;0;1;2;-19.37887;-40.06658
206756.0;2019-05-02;quinta-feira;06:20:00;101.0;20;CONCEICAO DA BARRA;Desobediência às normas de trânsito pelo condutor;Colisão frontal;Com Vítimas Feridas;Amanhecer;Crescente;Céu Claro;Simples;Reta;0;6;0;3;2;1;0;5;2;-18.32566;-39.9584
206757.0;2019-05-02;quinta-feira;06:40:00;262.0;3.8;CARIACICA;Não guardar distância de segurança;Colisão traseira;Com Vítimas Feridas;Pleno dia;Crescente;Nublado;Múltipla;Retorno Regulamentado;1;2;0;1;0;1;0;1;2;-20.33374;-40.36911
206779.0;2019-05-02;quinta-feira;08:40:00;101.0;269;SERRA;Falta de Atenção do Pedestre;Atropelamento de Pedestre;Com Vítimas Feridas;Pleno dia;Crescente;Sol;Múltipla;Reta;1;3;0;0;1;2;0;1;2;-20.2174;-40.26991
206842.0;2019-05-02;quinta-feira;14:20:00;262.0;58.7;MARECHAL FLORIANO;Velocidade Incompatível;Tombamento;Com Vítimas Feridas;Pleno dia;Crescente;Chuva;Simples;Curva;0;1;0;0;1;0;0;1;1;-20.42168;-40.77787
206896.0;2019-05-02;quinta-feira;19:00:00;101.0;293.5;CARIACICA;Falta de Atenção à Condução;Queda de ocupante de veículo;Com Vítimas Feridas;Anoitecer;Decrescente;Céu Claro;Dupla;Reta;1;1;0;1;0;0;0;1;1;-20.31526;-40.39567
206936.0;2019-05-02;quinta-feira;18:30:00;482.0;103;GUACUI;Falta de Atenção à Condução;Queda de ocupante de veículo;Com Vítimas Feridas;Plena Noite;Crescente;Céu Claro;Simples;Reta;0;2;0;1;0;1;0;1;2;-20.78558;-41.652
207013.0;2019-05-03;sexta-feira;14:30:00;259.0;38;COLATINA;Falta de Atenção à Condução;Saída de leito carroçável;Com Vítimas Feridas;Pleno dia;Crescente;Céu Claro;Dupla;Curva;0;2;0;1;1;0;0;2;2;-19.5588;-40.52027
207036.0;2019-05-03;sexta-feira;16:00:00;262.0;19.5;VIANA;Mal Súbito;Saída de leito carroçável;Com Vítimas Feridas;Pleno dia;Crescente;Nublado;Simples;Curva;1;1;0;1;0;0;0;1;1;-20.39191;-40.49002
207073.0;2019-05-03;sexta-feira;18:55:00;101.0;296;CARIACICA;Velocidade Incompatível;Colisão com objeto estático;Com Vítimas Feridas;Plena Noite;Crescente;Céu Claro;Dupla;Reta;1;1;0;1;0;0;0;1;1;-20.3403;-40.40406
207116.0;2019-05-03;sexta-feira;22:15:00;101.0;126.1;SOORETAMA;Falta de Atenção do Pedestre;Atropelamento de Pedestre;Sem Vítimas;Plena Noite;Crescente;Nublado;Múltipla;Reta;1;2;0;0;0;0;2;0;1;-19.19395;-40.0951
207119.0;2019-05-03;sexta-feira;22:50:00;262.0;2.3;CARIACICA;Falta de Atenção do Pedestre;Atropelamento de Pedestre;Com Vítimas Feridas;Plena Noite;Crescente;Céu Claro;Dupla;Reta;1;3;0;0;1;1;1;1;1;-20.33276;-40.36078
207147.0;2019-05-04;sábado;00:13:00;101.0;274.6;SERRA;Desobediência às normas de trânsito pelo pedestre;Saída de leito carroçável;Sem Vítimas;Plena Noite;Decrescente;Nublado;Dupla;Reta;0;1;0;0;0;0;1;0;1;-20.21186;-40.29716
207148.0;2019-05-04;sábado;02:40:00;101.0;255;SERRA;Defeito Mecânico no Veículo;Queda de ocupante de veículo;Com Vítimas Feridas;Plena Noite;Decrescente;Céu Claro;Simples;Reta;1;2;0;1;0;1;0;1;1;-20.11488;-40.31944
207150.0;2019-05-04;sábado;02:40:00;101.0;291.9;CARIACICA;Ingestão de Álcool;Colisão com objeto estático;Sem Vítimas;Pleno dia;Crescente;Céu Claro;Dupla;Reta;0;1;0;0;0;1;0;0;1;-20.29756;-40.39446
207170.0;2019-05-04;sábado;06:15:00;101.0;126;SOORETAMA;Falta de Atenção à Condução;Colisão lateral;Sem Vítimas;Pleno dia;Decrescente;Céu Claro;Simples;Reta;0;3;0;0;0;2;1;0;2;-19.19395;-40.0951
207172.0;2019-05-04;sábado;06:20:00;101.0;269;SERRA;Falta de Atenção à Condução;Colisão lateral;Com Vítimas Feridas;Pleno dia;Decrescente;Céu Claro;Dupla;Reta;1;2;0;0;1;0;1;1;2;-20.2174;-40.26991
207197.0;2019-05-04;sábado;09:20:00;101.0;297.5;CARIACICA;Falta de Atenção à Condução;Colisão traseira;Com Vítimas Feridas;Pleno dia;Crescente;Céu Claro;Dupla;Reta;1;3;0;2;0;1;0;2;3;-20.3453;-40.41027
207246.0;2019-05-04;sábado;14:50:00;262.0;55;MARECHAL FLORIANO;Condutor Dormindo;Colisão frontal;Com Vítimas Feridas;Pleno dia;Decrescente;Nublado;Simples;Curva;0;4;0;1;3;0;0;4;2;-20.41121;-40.74794
207256.0;2019-05-04;sábado;15:30:00;447.0;13.7;VILA VELHA;Falta de Atenção à Condução;Colisão transversal;Com Vítimas Feridas;Pleno dia;Crescente;Nublado;Dupla;Rotatória;1;3;0;1;0;2;0;1;2;-20.34063;-40.32788
207323.0;2019-05-04;sábado;20:00:00;101.0;173;ARACRUZ;Ingestão de Álcool;Colisão transversal;Com Vítimas Feridas;Plena Noite;Crescente;Céu Claro;Simples;Reta;0;2;0;1;0;1;0;1;2;-19.57222;-40.18397
207379.0;2019-05-05;domingo;03:30:00;101.0;309.8;VIANA;Falta de Atenção à Condução;Colisão traseira;Com Vítimas Feridas;Plena Noite;Crescente;Céu Claro;Simples;Reta;1;2;0;1;0;1;0;1;2;-20.417;-40.45985
207383.0;2019-05-05;domingo;05:50:00;101.0;100;JAGUARE;Falta de Atenção à Condução;Queda de ocupante de veículo;Sem Vítimas;Amanhecer;Crescente;Céu Claro;Simples;Reta;1;1;0;0;0;0;1;0;1;-18.98011;-39.99543
207449.0;2019-05-05;domingo;14:40:00;101.0;292;CARIACICA;Ingestão de Álcool;Colisão lateral;Com Vítimas Feridas;Pleno dia;Decrescente;Céu Claro;Dupla;Interseção de vias;1;5;0;4;0;1;0;4;2;-20.30651;-40.39489
207471.0;2019-05-05;domingo;16:45:00;262.0;15.7;VIANA;Desobediência às normas de trânsito pelo condutor;Colisão transversal;Com Vítimas Feridas;Pleno dia;Crescente;Sol;Simples;Não Informado;1;3;0;0;2;1;0;2;2;-20.38569;-40.49681
207477.0;2019-05-05;domingo;16:40:00;101.0;275;SERRA;Ingestão de Álcool;Colisão transversal;Com Vítimas Feridas;Anoitecer;Crescente;Céu Claro;Dupla;Reta;0;3;0;2;0;1;0;2;2;-20.20828;-40.30389
207487.0;2019-05-05;domingo;18:00:00;101.0;205.9;JOAO NEIVA;Não guardar distância de segurança;Colisão lateral;Com Vítimas Feridas;Plena Noite;Crescente;Nublado;Dupla;Desvio Temporário;1;4;0;1;1;1;1;2;2;-19.75823;-40.3795
207501.0;2019-05-05;domingo;19:25:00;101.0;181;ARACRUZ;Falta de Atenção à Condução;Queda de ocupante de veículo;Com Vítimas Feridas;Plena Noite;Decrescente;Céu Claro;Simples;Reta;0;1;0;1;0;0;0;1;1;-19.63125;-40.22615
207504.0;2019-05-05;domingo;19:30:00;101.0;213;IBIRACU;Desobediência às normas de trânsito pelo condutor;Colisão lateral;Com Vítimas Feridas;Plena Noite;Crescente;Céu Claro;Simples;Reta;1;3;0;0;1;0;2;1;2;-19.82353;-40.36982
207507.0;2019-05-05;domingo;18:40:00;101.0;36.5;CONCEICAO DA BARRA;Ingestão de Álcool;Colisão lateral;Sem Vítimas;Plena Noite;Crescente;Chuva;Simples;Reta;0;2;0;0;0;2;0;0;2;-18.46388;-39.92935
207540.0;2019-05-05;domingo;21:50:00;101.0;120.9;SOORETAMA;Ingestão de Álcool;Tombamento;Com Vítimas Feridas;Plena Noite;Crescente;Nublado;Simples;Reta;0;1;0;0;1;0;0;1;1;-19.14385;-40.0751
207568.0;2019-05-06;segunda-feira;04:25:00;259.0;17.5;JOAO NEIVA;Falta de Atenção do Pedestre;Atropelamento de Pedestre;Com Vítimas Fatais;Plena Noite;Decrescente;Nublado;Simples;Reta;0;3;1;0;0;2;0;0;1;-19.66253;-40.43983
207578.0;2019-05-06;segunda-feira;06:30:00;101.0;365.3;ANCHIETA;Carga excessiva e/ou mal acondicionada;Tombamento;Sem Vítimas;Amanhecer;Decrescente;Céu Claro;Simples;Não Informado;0;1;0;0;0;1;0;0;1;-20.7346;-40.7531
207581.0;2019-05-06;segunda-feira;06:30:00;101.0;127;SOORETAMA;Desobediência às normas de trânsito pelo condutor;Colisão transversal;Com Vítimas Feridas;Pleno dia;Crescente;Céu Claro;Simples;Não Informado;1;3;0;1;0;2;0;1;2;-19.2029;-40.09552
207592.0;2019-05-06;segunda-feira;07:50:00;101.0;0.9;SERRA;Desobediência às normas de trânsito pelo condutor;Colisão lateral;Com Vítimas Feridas;Pleno dia;Crescente;Sol;Dupla;Reta;1;2;0;1;0;1;0;1;2;-20.24157;-40.28059
207605.0;2019-05-06;segunda-feira;08:10:00;101.0;1.7;VITORIA;Falta de Atenção à Condução;Colisão lateral;Com Vítimas Feridas;Pleno dia;Crescente;Céu Claro;Dupla;Reta;1;3;0;2;0;1;0;2;2;-20.3154;-40.3018
207620.0;2019-05-06;segunda-feira;09:50:00;101.0;408.2;ITAPEMIRIM;Falta de Atenção à Condução;Colisão traseira;Com Vítimas Feridas;Pleno dia;Crescente;Sol;Simples;Reta;0;2;0;1;0;1;0;1;2;-20.89069;-41.0388
207644.0;2019-05-06;segunda-feira;13:05:00;101.0;147.1;LINHARES;Falta de Atenção do Pedestre;Atropelamento de Pedestre;Com Vítimas Feridas;Pleno dia;Crescente;Céu Claro;Simples;Reta;1;3;0;1;0;2;0;1;2;-19.37887;-40.06658
207645.0;2019-05-06;segunda-feira;13:20:00;101.0;263.3;SERRA;Não guardar distância de segurança;Colisão traseira;Com Vítimas Feridas;Pleno dia;Decrescente;Sol;Dupla;Desvio Temporário;1;2;0;1;0;1;0;1;2;-20.16555;-40.27302
207673.0;2019-05-06;segunda-feira;17:00:00;262.0;16;VIANA;Desobediência às normas de trânsito pelo condutor;Colisão frontal;Com Vítimas Feridas;Anoitecer;Decrescente;Céu Claro;Simples;Reta;0;2;0;1;1;0;0;2;2;-20.38441;-40.46308
207715.0;2019-05-06;segunda-feira;17:35:00;262.0;158.7;IBATIBA;Falta de Atenção à Condução;Colisão transversal;Sem Vítimas;Anoitecer;Crescente;Céu Claro;Simples;Curva;1;2;0;0;0;2;0;0;2;-20.23111;-41.49626
207747.0;2019-05-07;terça-feira;06:30:00;101.0;267.5;SERRA;Não guardar distância de segurança;Tombamento;Com Vítimas Feridas;Pleno dia;Crescente;Céu Claro;Dupla;Reta;1;1;0;1;0;0;0;1;1;-20.20761;-40.26884
207748.0;2019-04-05;sexta-feira;06:37:00;262.0;2.7;CARIACICA;Falta de Atenção à Condução;Colisão traseira;Com Vítimas Feridas;Pleno dia;Crescente;Céu Claro;Dupla;Reta;1;2;0;1;0;1;0;1;2;-20.33204;-40.36678
207761.0;2019-05-07;terça-feira;08:30:00;101.0;268;SERRA;Desobediência às normas de trânsito pelo condutor;Atropelamento de Pedestre;Com Vítimas Feridas;Pleno dia;Crescente;Céu Claro;Dupla;Reta;1;3;0;2;0;1;0;2;2;-20.20842;-40.2694
207764.0;2019-05-07;terça-feira;09:00:00;101.0;68;SAO MATEUS;Falta de Atenção à Condução;Engavetamento;Com Vítimas Feridas;Pleno dia;Decrescente;Céu Claro;Dupla;Reta;1;4;0;1;0;3;0;1;3;-18.7266;-39.85975
207796.0;2019-05-07;terça-feira;11:50:00;101.0;68;SAO MATEUS;Desobediência às normas de trânsito pelo condutor;Colisão transversal;Com Vítimas Feridas;Pleno dia;Decrescente;Céu Claro;Dupla;Interseção de vias;1;2;0;0;1;1;0;1;2;-18.7266;-39.85975
207812.0;2019-05-07;terça-feira;13:20:00;101.0;270.7;SERRA;Desobediência às normas de trânsito pelo condutor;Colisão transversal;Com Vítimas Feridas;Pleno dia;Decrescente;Sol;Múltipla;Interseção de vias;1;4;0;0;1;3;0;1;2;-20.23031;-40.27292
207849.0;2019-05-07;terça-feira;11:15:00;482.0;61;JERONIMO MONTEIRO;Falta de Atenção à Condução;Colisão transversal;Com Vítimas Feridas;Pleno dia;Crescente;Céu Claro;Simples;Interseção de vias;1;2;0;0;1;1;0;1;2;-20.79908;-41.37192
207850.0;2019-05-07;terça-feira;17:25:00;101.0;0.1;SERRA;Falta de Atenção à Condução;Colisão transversal;Com Vítimas Feridas;Pleno dia;Decrescente;Nublado;Múltipla;Reta;0;2;0;1;0;1;0;1;2;-20.11004;-40.3274
207862.0;2019-05-07;terça-feira;18:40:00;262.0;7;CARIACICA;Velocidade Incompatível;Tombamento;Com Vítimas Feridas;Plena Noite;Crescente;Céu Claro;Múltipla;Reta;1;1;0;1;0;0;0;1;1;-20.34284;-40.40435
207864.0;2019-05-07;terça-feira;19:10:00;101.0;51.9;SAO MATEUS;Defeito Mecânico no Veículo;Tombamento;Com Vítimas Feridas;Plena Noite;Crescente;Ignorado;Simples;Não Informado;0;1;0;1;0;0;0;1;1;-18.59458;-39.88971
207901.0;2019-05-07;terça-feira;22:30:00;101.0;269;SERRA;Falta de Atenção à Condução;Colisão traseira;Com Vítimas Feridas;Plena Noite;Crescente;Garoa/Chuvisco;Dupla;Não Informado;1;3;0;1;0;2;0;1;2;-20.2174;-40.26991
207903.0;2019-05-07;terça-feira;23:20:00;101.0;264.7;SERRA;Falta de Atenção à Condução;Colisão traseira;Com Vítimas Feridas;Plena Noite;Crescente;Chuva;Dupla;Reta;1;2;0;0;1;1;0;1;2;-20.17671;-40.26592
207913.0;2019-05-08;quarta-feira;00:40:00;101.0;271;SERRA;Falta de Atenção do Pedestre;Atropelamento de Pedestre;Com Vítimas Feridas;Plena Noite;Crescente;Garoa/Chuvisco;Dupla;Curva;1;3;0;0;1;1;1;1;1;-20.23171;-40.27408
207918.0;2019-05-08;quarta-feira;00:50:00;101.0;270.2;SERRA;Ingestão de Álcool;Colisão com objeto estático;Sem Vítimas;Pleno dia;Crescente;Garoa/Chuvisco;Dupla;Interseção de vias;1;1;0;0;0;1;0;0;1;-20.22792;-40.27169
207929.0;2019-05-08;quarta-feira;01:30:00;101.0;400;ITAPEMIRIM;Condutor Dormindo;Saída de leito carroçável;Com Vítimas Feridas;Plena Noite;Crescente;Chuva;Simples;Curva;0;1;0;1;0;0;0;1;1;-20.88154;-40.97435
207956.0;2019-05-08;quarta-feira;09:40:00;101.0;293;CARIACICA;Falta de Atenção à Condução;Colisão lateral;Com Vítimas Feridas;Pleno dia;Decrescente;Céu Claro;Múltipla;Interseção de vias;1;3;0;1;0;2;0;1;3;-20.31526;-40.39567
207982.0;2019-05-08;quarta-feira;12:50:00;101.0;287.4;CARIACICA;Falta de Atenção à Condução;Colisão traseira;Com Vítimas Feridas;Pleno dia;Crescente;Nublado;Dupla;Reta;1;2;0;1;0;1;0;1;2;-20.26494;-40.38472
207990.0;2019-05-08;quarta-feira;13:40:00;101.0;142;LINHARES;Falta de Atenção à Condução;Colisão traseira;Com Vítimas Feridas;Pleno dia;Decrescente;Nublado;Dupla;Interseção de vias;1;2;0;1;0;1;0;1;2;-19.33459;-40.06755
208028.0;2019-05-08;quarta-feira;17:50:00;259.0;65;COLATINA;Falta de Atenção à Condução;Colisão traseira;Com Vítimas Feridas;Anoitecer;Crescente;Nublado;Simples;Reta;1;3;0;2;0;1;0;2;2;-19.51944;-40.71586
208033.0;2019-05-08;quarta-feira;18:15:00;262.0;18.9;VIANA;Falta de Atenção à Condução;Colisão transversal;Com Vítimas Feridas;Plena Noite;Decrescente;Nublado;Simples;Reta;1;3;0;2;0;1;0;2;2;-20.39137;-40.4808
208101.0;2019-05-09;quinta-feira;01:10:00;101.0;262;SERRA;Ingestão de Álcool;Atropelamento de Animal;Com Vítimas Feridas;Plena Noite;Crescente;Céu Claro;Dupla;Reta;1;1;0;1;0;0;0;1;1;-20.15723;-40.27678
208111.0;2019-05-09;quinta-feira;05:30:00;101.0;269.5;SERRA;Falta de Atenção à Condução;Colisão transversal;Com Vítimas Feridas;Amanhecer;Crescente;Céu Claro;Dupla;Interseção de vias;1;2;0;1;0;0;1;1;2;-20.22149;-40.27037
208119.0;2019-05-09;quinta-feira;07:15:00;101.0;67;SAO MATEUS;Falta de Atenção à Condução;Colisão traseira;Com Vítimas Feridas;Amanhecer;Crescente;Céu Claro;Simples;Interseção de vias;1;2;0;1;0;1;0;1;2;-18.72054;-39.86589
208121.0;2019-05-09;quinta-feira;07:04:00;262.0;1.8;CARIACICA;Falta de Atenção à Condução;Colisão lateral;Com Vítimas Feridas;Pleno dia;Crescente;Nublado;Múltipla;Interseção de vias;1;2;0;1;0;1;0;1;2;-20.32955;-40.35493
208200.0;2019-05-09;quinta-feira;16:00:00;101.0;267.7;SERRA;Falta de Atenção à Condução;Colisão lateral;Com Vítimas Feridas;Plena Noite;Decrescente;Céu Claro;Múltipla;Reta;1;2;0;1;0;1;0;1;2;-20.19931;-40.26885
208207.0;2019-05-09;quinta-feira;16:10:00;101.0;391;RIO NOVO DO SUL;Falta de Atenção à Condução;Colisão frontal;Com Vítimas Feridas;Pleno dia;Decrescente;Céu Claro;Simples;Reta;0;5;0;0;2;3;0;2;3;-20.86579;-40.89634
208230.0;2019-05-09;quinta-feira;17:40:00;101.0;126;SOORETAMA;Falta de Atenção do Pedestre;Queda de ocupante de veículo;Com Vítimas Feridas;Anoitecer;Crescente;Nublado;Simples;Reta;1;2;0;1;1;0;0;2;1;-19.19395;-40.0951
208288.0;2019-05-09;quinta-feira;22:50:00;262.0;23;VIANA;Mal Súbito;Incêndio;Sem Vítimas;Plena Noite;Decrescente;Céu Claro;Simples;Reta;0;1;0;0;0;1;0;0;1;-20.37858;-40.52118
208343.0;2019-05-10;sexta-feira;07:55:00;101.0;324.3;GUARAPARI;Falta de Atenção à Condução;Colisão transversal;Com Vítimas Feridas;Pleno dia;Decrescente;Céu Claro;Simples;Desvio Temporário;0;3;0;1;1;1;0;2;2;-20.54592;-40.48156
208346.0;2019-05-10;sexta-feira;08:00:00;101.0;270.4;SERRA;Falta de Atenção à Condução;Colisão lateral;Com Vítimas Feridas;Pleno dia;Crescente;Céu Claro;Múltipla;Reta;1;4;0;2;1;1;0;3;3;-20.22662;-40.27075
208404.0;2019-05-10;sexta-feira;09:10:00;101.0;67.4;SAO MATEUS;Falta de Atenção à Condução;Queda de ocupante de veículo;Com Vítimas Feridas;Pleno dia;Decrescente;Céu Claro;Simples;Reta;1;1;0;1;0;0;0;1;1;-18.7209;-39.86464
208545.0;2019-05-11;sábado;04:40:00;101.0;100.2;JAGUARE;Ingestão de Álcool;Colisão com objeto estático;Sem Vítimas;Pleno dia;Crescente;Céu Claro;Simples;Interseção de vias;1;1;0;0;0;1;0;0;1;-18.98011;-39.99543
208556.0;2019-05-11;sábado;05:30:00;101.0;367;ANCHIETA;Condutor Dormindo;Saída de leito carroçável;Com Vítimas Feridas;Amanhecer;Crescente;Nublado;Simples;Reta;0;1;0;1;0;0;0;1;1;-20.74481;-40.76021
208591.0;2019-05-11;sábado;08:20:00;101.0;287.8;CARIACICA;Falta de Atenção à Condução;Colisão lateral;Com Vítimas Feridas;Pleno dia;Crescente;Céu Claro;Dupla;Curva;1;4;0;2;0;2;0;2;2;-20.26494;-40.38472
208611.0;2019-05-11;sábado;08:50:00;101.0;172;ARACRUZ;Ingestão de Álcool;Colisão transversal;Sem Vítimas;Pleno dia;Crescente;Céu Claro;Múltipla;Reta;0;2;0;0;0;2;0;0;2;-19.56471;-40.1787
208675.0;2019-05-11;sábado;14:30:00;101.0;148;LINHARES;Falta de Atenção à Condução;Colisão lateral;Com Vítimas Feridas;Pleno dia;Crescente;Céu Claro;Múltipla;Reta;1;2;0;1;0;1;0;1;2;-19.38787;-40.06753
208704.0;2019-05-11;sábado;17:15:00;101.0;67.1;SAO MATEUS;Falta de Atenção à Condução;Colisão lateral;Com Vítimas Feridas;Anoitecer;Crescente;Céu Claro;Múltipla;Reta;1;2;0;2;0;0;0;2;1;-18.72054;-39.86589