id;data_inversa;dia_semana;horario;br;km;municipio;causa_acidente;tipo_acidente;classificacao_acidente;fase_dia;sentido_via;condicao_metereologica;tipo_pista;tracado_via;uso_solo;pessoas;mortos;feridos_leves;feridos_graves;ilesos;ignorados;feridos;veiculos;latitude;longitude
208764.0;2019-05-11;sábado;20:45:00;101.0;148;LINHARES;Falta de Atenção à Condução;Queda de ocupante de veículo;Com Vítimas Fatais;Plena Noite;Crescente;Céu Claro;Dupla;Reta;1;1;1;0;0;0;0;0;1;-19.3887;-40.06775
208790.0;2019-05-11;sábado;23:28:00;101.0;266.2;SERRA;Desobediência às normas de trânsito pelo condutor;Colisão transversal;Com Vítimas Feridas;Plena Noite;Crescente;Nublado;Múltipla;Interseção de vias;1;3;0;1;1;1;0;2;2;-20.18989;-40.26845
208791.0;2019-05-11;sábado;23:50:00;101.0;293.8;CARIACICA;Desobediência às normas de trânsito pelo condutor;Colisão transversal;Com Vítimas Feridas;Plena Noite;Crescente;Céu Claro;Múltipla;Interseção de vias;1;3;0;0;2;1;0;2;2;-20.32101;-40.39597
208794.0;2019-05-11;sábado;22:40:00;482.0;67;JERONIMO MONTEIRO;Ingestão de Álcool;Saída de leito carroçável;Com Vítimas Feridas;Plena Noite;Crescente;Céu Claro;Simples;Curva;0;5;0;0;1;3;1;1;1;-20.78096;-41.41509
208800.0;2019-05-11;sábado;23:25:00;259.0;59;COLATINA;Desobediência às normas de trânsito pelo condutor;Colisão transversal;Com Vítimas Feridas;Plena Noite;Crescente;Céu Claro;Simples;Reta;0;2;0;1;0;1;0;1;2;-19.52125;-40.66594
208806.0;2019-05-11;sábado;22:40:00;101.0;143.7;LINHARES;Ingestão de Álcool;Saída de leito carroçável;Sem Vítimas;Plena Noite;Crescente;Céu Claro;Múltipla;Curva;1;1;0;0;0;1;0;0;1;-19.34946;-40.06363
208877.0;2019-05-12;domingo;07:30:00;262.0;0.8;CARIACICA;Não guardar distância de segurança;Colisão traseira;Com Vítimas Feridas;Pleno dia;Crescente;Céu Claro;Dupla;Ponte;1;2;0;1;0;1;0;1;2;-20.32079;-40.35332
208896.0;2019-05-12;domingo;09:15:00;101.0;262;SERRA;Falta de Atenção à Condução;Queda de ocupante de veículo;Com Vítimas Feridas;Pleno dia;Crescente;Sol;Múltipla;Reta;1;1;0;1;0;0;0;1;1;-20.15723;-40.27678
208901.0;2019-05-12;domingo;10:20:00;262.0;150;IBATIBA;Falta de Atenção à Condução;Colisão frontal;Com Vítimas Feridas;Pleno dia;Crescente;Céu Claro;Simples;Curva;0;2;0;0;1;1;0;1;2;-20.21857;-41.44094
208906.0;2019-05-12;domingo;11:20:00;101.0;298.5;VIANA;Desobediência às normas de trânsito pelo condutor;Colisão lateral;Com Vítimas Feridas;Pleno dia;Decrescente;Céu Claro;Dupla;Reta;1;2;0;0;1;1;0;1;2;-20.35374;-40.41564
208920.0;2019-05-12;domingo;12:00:00;393.0;25.9;MUQUI;Desobediência às normas de trânsito pelo condutor;Colisão lateral;Com Vítimas Feridas;Pleno dia;Decrescente;Céu Claro;Simples;Reta;1;2;0;1;0;1;0;1;2;-20.95371;-41.34813
208927.0;2019-05-12;domingo;09:00:00;262.0;69.5;MARECHAL FLORIANO;Falta de Atenção à Condução;Tombamento;Com Vítimas Feridas;Pleno dia;Decrescente;Sol;Simples;Curva;0;1;0;0;1;0;0;1;1;-20.41227;-40.85972
208929.0;2019-05-12;domingo;13:20:00;101.0;2;SERRA;Defeito Mecânico no Veículo;Queda de ocupante de veículo;Com Vítimas Feridas;Pleno dia;Decrescente;Sol;Dupla;Reta;1;2;0;2;0;0;0;2;1;-20.25173;-40.28704
208966.0;2019-05-12;domingo;14:10:00;101.0;255.3;SERRA;Falta de Atenção à Condução;Colisão traseira;Com Vítimas Feridas;Pleno dia;Crescente;Sol;Simples;Reta;1;3;0;1;0;2;0;1;2;-20.11488;-40.31944
209064.0;2019-05-12;domingo;18:30:00;101.0;65;SAO MATEUS;Desobediência às normas de trânsito pelo condutor;Colisão traseira;Com Vítimas Feridas;Plena Noite;Crescente;Céu Claro;Dupla;Reta;1;2;0;1;0;1;0;1;2;-18.70936;-39.87762
209066.0;2019-05-12;domingo;18:15:00;262.0;19;VIANA;Desobediência às normas de trânsito pelo condutor;Colisão transversal;Com Vítimas Feridas;Anoitecer;Decrescente;Céu Claro;Simples;Reta;1;3;0;0;1;1;1;1;2;-20.39191;-40.49002
209077.0;2019-05-12;domingo;19:00:00;262.0;116.5;CONCEICAO DO CASTELO;Falta de Atenção à Condução;Tombamento;Com Vítimas Feridas;Plena Noite;Decrescente;Céu Claro;Simples;Curva;0;1;0;0;1;0;0;1;1;-20.31763;-41.22741
209094.0;2019-05-12;domingo;20:00:00;101.0;264.5;SERRA;Falta de Atenção do Pedestre;Atropelamento de Pedestre;Com Vítimas Feridas;Plena Noite;Crescente;Céu Claro;Dupla;Reta;1;2;0;0;1;1;0;1;1;-20.17293;-40.26736
209192.0;2019-05-13;segunda-feira;00:40:00;259.0;102.5;BAIXO GUANDU;Desobediência às normas de trânsito pelo condutor;Colisão com objeto estático;Com Vítimas Feridas;Plena Noite;Crescente;Céu Claro;Simples;Reta;0;2;0;1;1;0;0;2;1;-19.52202;-41.01212
209232.0;2019-05-13;segunda-feira;07:40:00;101.0;146;LINHARES;Falta de Atenção à Condução;Colisão traseira;Com Vítimas Feridas;Pleno dia;Decrescente;Nublado;Dupla;Reta;0;2;0;1;0;1;0;1;2;-19.36991;-40.06561
209355.0;2019-05-13;segunda-feira;18:37:00;101.0;433.3;ATILIO VIVACQUA;Restrição de Visibilidade;Atropelamento de Pedestre;Com Vítimas Fatais;Plena Noite;Decrescente;Nublado;Simples;Reta;0;2;1;0;0;0;1;0;1;-21.04218;-41.1839
209389.0;2019-05-13;segunda-feira;21:45:00;101.0;66.7;SAO MATEUS;Falta de Atenção à Condução;Colisão lateral;Com Vítimas Feridas;Plena Noite;Decrescente;Céu Claro;Simples;Reta;1;3;0;0;1;1;1;1;2;-18.71652;-39.87436
209431.0;2019-05-14;terça-feira;07:46:00;101.0;269;SERRA;Desobediência às normas de trânsito pelo condutor;Colisão lateral;Com Vítimas Feridas;Pleno dia;Crescente;Céu Claro;Dupla;Reta;1;2;0;1;0;1;0;1;2;-20.2174;-40.26991
209483.0;2019-05-14;terça-feira;13:00:00;101.0;267;SERRA;Falta de Atenção do Pedestre;Atropelamento de Pedestre;Com Vítimas Feridas;Pleno dia;Crescente;Céu Claro;Múltipla;Reta;1;2;0;0;1;1;0;1;1;-20.19931;-40.26885
209487.0;2019-05-14;terça-feira;13:15:00;101.0;301.5;VIANA;Desobediência às normas de trânsito pelo condutor;Colisão transversal;Com Vítimas Feridas;Pleno dia;Decrescente;Céu Claro;Dupla;Reta;1;3;0;1;0;2;0;1;2;-20.36546;-40.44354
209505.0;2019-05-14;terça-feira;14:20:00;101.0;297.5;CARIACICA;Falta de Atenção à Condução;Colisão lateral;Com Vítimas Feridas;Pleno dia;Decrescente;Céu Claro;Dupla;Reta;1;2;0;1;0;1;0;1;2;-20.3453;-40.41027
209515.0;2019-05-14;terça-feira;16:20:00;101.0;289;CARIACICA;Falta de Atenção à Condução;Colisão lateral;Com Vítimas Feridas;Pleno dia;Crescente;Céu Claro;Dupla;Reta;1;2;0;1;0;1;0;1;2;-20.28029;-40.39303
209529.0;2019-05-14;terça-feira;17:10:00;101.0;291.1;CARIACICA;Desobediência às normas de trânsito pelo condutor;Colisão lateral;Com Vítimas Feridas;Anoitecer;Crescente;Céu Claro;Dupla;Reta;1;2;0;1;0;1;0;1;2;-20.29756;-40.39446
209556.0;2019-05-14;terça-feira;19:00:00;101.0;298;VIANA;Desobediência às normas de trânsito pelo condutor;Colisão lateral;Com Vítimas Feridas;Plena Noite;Decrescente;Céu Claro;Dupla;Reta;1;2;0;0;1;1;0;1;2;-20.35374;-40.41564
209560.0;2019-05-14;terça-feira;19:45:00;101.0;146;LINHARES;Falta de Atenção à Condução;Colisão transversal;Sem Vítimas;Plena Noite;Decrescente;Céu Claro;Dupla;Interseção de vias;1;2;0;0;0;2;0;0;2;-19.36991;-40.06561
209576.0;2019-05-14;terça-feira;17:30:00;101.0;66.4;SAO MATEUS;Animais na Pista;Atropelamento de Animal;Com Vítimas Feridas;Anoitecer;Crescente;Nublado;Simples;Reta;0;2;0;1;1;0;0;2;1;-18.71652;-39.87436
209616.0;2019-05-15;quarta-feira;08:10:00;101.0;316;VILA VELHA;Falta de Atenção à Condução;Colisão transversal;Com Vítimas Feridas;Pleno dia;Crescente;Sol;Simples;Reta;0;3;0;1;0;2;0;1;2;-20.47804;-40.47131
209656.0;2019-05-15;quarta-feira;13:00:00;101.0;307.6;VIANA;Objeto estático sobre o leito carroçável;Tombamento;Com Vítimas Feridas;Pleno dia;Crescente;Nublado;Simples;Reta;0;1;0;1;0;0;0;1;1;-20.39979;-40.45605
209713.0;2019-05-15;quarta-feira;18:30:00;101.0;246;SERRA;Falta de Atenção à Condução;Capotamento;Com Vítimas Feridas;Plena Noite;Crescente;Nublado;Dupla;Reta;0;2;0;1;0;1;0;1;2;-20.06198;-40.37679
209773.0;2019-05-15;quarta-feira;20:57:00;101.0;255.4;SERRA;Falta de Atenção à Condução;Atropelamento de Pedestre;Com Vítimas Feridas;Plena Noite;Decrescente;Nublado;Simples;Reta;1;2;0;0;1;1;0;1;1;-20.11732;-40.31463
209782.0;2019-05-16;quinta-feira;06:30:00;101.0;73;SAO MATEUS;Animais na Pista;Tombamento;Com Vítimas Feridas;Pleno dia;Crescente;Sol;Simples;Reta;0;2;0;2;0;0;0;2;1;-18.77025;-39.86803
209834.0;2019-05-16;quinta-feira;12:25:00;262.0;6.9;CARIACICA;Falta de Atenção à Condução;Colisão lateral;Com Vítimas Feridas;Pleno dia;Crescente;Chuva;Dupla;Não Informado;1;2;0;0;1;1;0;1;2;-20.34007;-40.39451
209847.0;2019-05-16;quinta-feira;13:00:00;262.0;47.3;MARECHAL FLORIANO;Velocidade Incompatível;Colisão com objeto estático;Com Vítimas Feridas;Pleno dia;Crescente;Chuva;Simples;Curva;1;2;0;2;0;0;0;2;1;-20.41212;-40.68414
209851.0;2019-05-16;quinta-feira;14:20:00;101.0;414.4;ITAPEMIRIM;Falta de Atenção à Condução;Colisão lateral;Com Vítimas Feridas;Pleno dia;Decrescente;Chuva;Simples;Curva;0;3;0;1;1;1;0;2;2;-20.92346;-41.07836
209853.0;2019-05-16;quinta-feira;15:00:00;101.0;142;LINHARES;Falta de Atenção à Condução;Colisão traseira;Com Vítimas Feridas;Pleno dia;Crescente;Garoa/Chuvisco;Dupla;Interseção de vias;1;2;0;1;0;1;0;1;2;-19.33459;-40.06755
209883.0;2019-05-16;quinta-feira;16:40:00;101.0;296.4;CARIACICA;Defeito Mecânico no Veículo;Tombamento;Com Vítimas Feridas;Plena Noite;Crescente;Chuva;Dupla;Viaduto;1;1;0;1;0;0;0;1;1;-20.3403;-40.40406
209895.0;2019-05-16;quinta-feira;17:20:00;101.0;270.8;SERRA;Falta de Atenção à Condução;Colisão transversal;Com Vítimas Feridas;Anoitecer;Crescente;Céu Claro;Dupla;Curva;1;2;0;1;0;1;0;1;2;-20.22662;-40.27075
210089.0;2019-05-17;sexta-feira;16:15:00;101.0;132;LINHARES;Desobediência às normas de trânsito pelo condutor;Colisão transversal;Com Vítimas Fatais;Pleno dia;Crescente;Nublado;Simples;Reta;0;5;1;1;0;3;0;1;2;-19.24799;-40.09079
210092.0;2019-05-17;sexta-feira;16:15:00;101.0;162.9;LINHARES;Velocidade Incompatível;Saída de leito carroçável;Com Vítimas Feridas;Pleno dia;Decrescente;Chuva;Simples;Reta;0;1;0;0;1;0;0;1;1;-19.49015;-40.12624
210140.0;2019-05-17;sexta-feira;19:20:00;101.0;147;LINHARES;Desobediência às normas de trânsito pelo condutor;Atropelamento de Pedestre;Com Vítimas Feridas;Plena Noite;Crescente;Chuva;Simples;Reta;1;2;0;1;0;1;0;1;1;-19.37887;-40.06658
210173.0;2019-05-17;sexta-feira;22:15:00;101.0;212;IBIRACU;Ingestão de Álcool;Colisão com objeto estático;Com Vítimas Feridas;Plena Noite;Crescente;Chuva;Simples;Curva;1;2;0;2;0;0;0;2;1;-19.81538;-40.36656
210186.0;2019-05-17;sexta-feira;23:30:00;101.0;267.8;SERRA;Falta de Atenção à Condução;Colisão transversal;Com Vítimas Feridas;Plena Noite;Decrescente;Chuva;Dupla;Interseção de vias;1;3;0;1;0;2;0;1;2;-20.19931;-40.26885
210194.0;2019-05-18;sábado;00:20:00;101.0;1.7;VITORIA;Pista Escorregadia;Colisão lateral;Sem Vítimas;Plena Noite;Crescente;Chuva;Dupla;Reta;1;2;0;0;0;2;0;0;2;-20.25074;-40.28621
210200.0;2019-05-18;sábado;01:27:00;101.0;270;SERRA;Pista Escorregadia;Colisão com objeto estático;Com Vítimas Feridas;Plena Noite;Crescente;Chuva;Múltipla;Curva;1;1;0;1;0;0;0;1;1;-20.22662;-40.27075
210210.0;2019-05-18;sábado;04:20:00;262.0;110;VENDA NOVA DO IMIGRANTE;Ingestão de Álcool;Tombamento;Com Vítimas Feridas;Plena Noite;Crescente;Nublado;Simples;Reta;0;1;0;1;0;0;0;1;1;-20.33643;-41.18082
210218.0;2019-05-18;sábado;04:00:00;101.0;260.9;SERRA;Pista Escorregadia;Colisão traseira;Sem Vítimas;Amanhecer;Decrescente;Chuva;Dupla;Desvio Temporário;1;2;0;0;0;2;0;0;2;-20.14616;-40.28836
210229.0;2019-05-18;sábado;06:50:00;101.0;261.6;SERRA;Avarias e/ou desgaste excessivo no pneu;Tombamento;Com Vítimas Feridas;Pleno dia;Crescente;Chuva;Simples;Não Informado;1;1;0;1;0;0;0;1;1;-20.14854;-40.27971
210272.0;2019-05-18;sábado;11:10:00;262.0;94;DOMINGOS MARTINS;Desobediência às normas de trânsito pelo condutor;Colisão transversal;Com Vítimas Feridas;Pleno dia;Decrescente;Chuva;Simples;Interseção de vias;0;2;0;1;0;1;0;1;2;-20.37387;-41.05852
210309.0;2019-05-18;sábado;15:30:00;101.0;391;RIO NOVO DO SUL;Pista Escorregadia;Tombamento;Com Vítimas Feridas;Pleno dia;Crescente;Chuva;Simples;Curva;0;1;0;0;1;0;0;1;1;-20.86579;-40.89634
210314.0;2019-05-18;sábado;07:00:00;482.0;18;CACHOEIRO DE ITAPEMIRIM;Pista Escorregadia;Tombamento;Com Vítimas Feridas;Amanhecer;Crescente;Chuva;Simples;Curva;0;1;0;1;0;0;0;1;1;-20.83233;-41.08892
210344.0;2019-05-18;sábado;19:40:00;101.0;141.8;LINHARES;Não guardar distância de segurança;Colisão traseira;Com Vítimas Feridas;Plena Noite;Crescente;Chuva;Simples;Reta;1;3;0;0;1;2;0;1;3;-19.32656;-40.07192
210357.0;2019-05-18;sábado;19:40:00;101.0;287;CARIACICA;Ingestão de Álcool;Tombamento;Com Vítimas Feridas;Plena Noite;Crescente;Chuva;Dupla;Reta;0;2;0;2;0;0;0;2;1;-20.26477;-40.38428
210364.0;2019-05-18;sábado;20:30:00;101.0;269;SERRA;Falta de Atenção à Condução;Colisão traseira;Com Vítimas Feridas;Plena Noite;Crescente;Nublado;Múltipla;Reta;1;3;0;0;1;1;1;1;3;-20.2174;-40.26991
210373.0;2019-05-18;sábado;20:40:00;101.0;289;CARIACICA;Falta de Atenção à Condução;Queda de ocupante de veículo;Com Vítimas Feridas;Plena Noite;Crescente;Garoa/Chuvisco;Dupla;Retorno Regulamentado;1;2;0;2;0;0;0;2;1;-20.27351;-40.39183
210559.0;2019-05-19;domingo;18:30:00;101.0;204;JOAO NEIVA;Não guardar distância de segurança;Colisão lateral;Com Vítimas Feridas;Anoitecer;Decrescente;Céu Claro;Simples;Curva;0;3;0;2;0;1;0;2;2;-19.74949;-40.37923
210606.0;2019-05-19;domingo;22:15:00;101.0;141;LINHARES;Falta de Atenção à Condução;Colisão lateral;Com Vítimas Feridas;Plena Noite;Crescente;Céu Claro;Múltipla;Interseção de vias;1;2;0;1;0;0;1;1;2;-19.32656;-40.07192
210623.0;2019-05-20;segunda-feira;00:50:00;262.0;3.9;CARIACICA;Falta de Atenção à Condução;Colisão traseira;Com Vítimas Feridas;Plena Noite;Decrescente;Céu Claro;Múltipla;Reta;1;2;0;1;0;0;1;1;2;-20.33374;-40.36911
210632.0;2019-05-20;segunda-feira;02:50:00;101.0;107;SOORETAMA;Agressão Externa;Incêndio;Sem Vítimas;Plena Noite;Decrescente;Nublado;Simples;Não Informado;0;1;0;0;0;0;1;0;1;-19.03761;-40.02283
210658.0;2019-05-20;segunda-feira;06:30:00;101.0;264.5;SERRA;Desobediência às normas de trânsito pelo condutor;Atropelamento de Pedestre;Com Vítimas Feridas;Pleno dia;Crescente;Sol;Múltipla;Reta;1;2;0;1;0;1;0;1;1;-20.17293;-40.26736
210669.0;2019-05-20;segunda-feira;07:10:00;101.0;270.5;SERRA;Falta de Atenção à Condução;Colisão lateral;Com Vítimas Feridas;Pleno dia;Crescente;Céu Claro;Dupla;Reta;1;3;0;1;0;2;0;1;2;-20.22662;-40.27075
210671.0;2019-05-20;segunda-feira;07:30:00;101.0;287.5;CARIACICA;Falta de Atenção à Condução;Colisão traseira;Com Vítimas Feridas;Pleno dia;Crescente;Sol;Dupla;Reta;1;2;0;1;0;1;0;1;2;-20.26795;-40.38826
210707.0;2019-05-20;segunda-feira;11:20:00;101.0;146;LINHARES;Não guardar distância de segurança;Engavetamento;Com Vítimas Feridas;Pleno dia;Crescente;Céu Claro;Dupla;Reta;1;6;0;0;1;5;0;1;6;-19.36991;-40.06561
210737.0;2019-05-20;segunda-feira;15:30:00;262.0;5.1;CARIACICA;Falta de Atenção à Condução;Colisão lateral;Com Vítimas Feridas;Pleno dia;Decrescente;Céu Claro;Dupla;Desvio Temporário;1;2;0;0;1;1;0;1;2;-20.33707;-40.3865
210770.0;2019-05-20;segunda-feira;18:10:00;101.0;303.9;VIANA;Defeito Mecânico no Veículo;Queda de ocupante de veículo;Com Vítimas Feridas;Plena Noite;Decrescente;Céu Claro;Dupla;Reta;0;2;0;1;1;0;0;2;1;-20.37696;-40.44527
210817.0;2019-05-20;segunda-feira;21:55:00;262.0;5.2;CARIACICA;Animais na Pista;Atropelamento de Animal;Com Vítimas Feridas;Plena Noite;Decrescente;Céu Claro;Múltipla;Reta;1;2;0;2;0;0;0;2;1;-20.33707;-40.3865
210827.0;2019-05-20;segunda-feira;22:50:00;262.0;5.5;CARIACICA;Desobediência às normas de trânsito pelo condutor;Colisão transversal;Com Vítimas Feridas;Plena Noite;Decrescente;Céu Claro;Múltipla;Interseção de vias;1;2;0;0;1;1;0;1;2;-20.33653;-40.38898
210856.0;2019-05-21;terça-feira;07:40:00;262.0;3.4;CARIACICA;Falta de Atenção à Condução;Colisão lateral;Com Vítimas Feridas;Pleno dia;Decrescente;Céu Claro;Múltipla;Desvio Temporário;1;2;0;1;1;0;0;2;2;-20.33374;-40.36911
210899.0;2019-05-21;terça-feira;12:40:00;101.0;323.9;GUARAPARI;Ultrapassagem Indevida;Colisão lateral;Com Vítimas Feridas;Pleno dia;Crescente;Céu Claro;Simples;Reta;0;2;0;1;0;1;0;1;2;-20.53698;-40.48275
210942.0;2019-05-21;terça-feira;17:20:00;101.0;313.5;VILA VELHA;Desobediência às normas de trânsito pelo condutor;Colisão lateral;Com Vítimas Feridas;Anoitecer;Decrescente;Céu Claro;Simples;Reta;0;2;0;0;1;1;0;1;2;-20.45266;-40.46228
211064.0;2019-05-22;quarta-feira;10:00:00;101.0;270;SERRA;Desobediência às normas de trânsito pelo condutor;Colisão traseira;Sem Vítimas;Pleno dia;Crescente;Céu Claro;Múltipla;Reta;1;3;0;0;0;3;0;0;2;-20.23267;-40.27658
211122.0;2019-05-22;quarta-feira;17:45:00;101.0;190;ARACRUZ;Desobediência às normas de trânsito pelo condutor;Atropelamento de Pedestre;Com Vítimas Feridas;Anoitecer;Decrescente;Céu Claro;Simples;Curva;0;2;0;0;1;1;0;1;1;-19.68561;-40.27854
211124.0;2019-05-22;quarta-feira;17:40:00;101.0;147.1;LINHARES;Desobediência às normas de trânsito pelo condutor;Colisão transversal;Com Vítimas Feridas;Plena Noite;Crescente;Céu Claro;Simples;Reta;1;2;0;1;0;1;0;1;2;-19.37887;-40.06658
211140.0;2019-05-22;quarta-feira;19:00:00;262.0;98.5;VENDA NOVA DO IMIGRANTE;Desobediência às normas de trânsito pelo condutor;Colisão transversal;Com Vítimas Feridas;Plena Noite;Crescente;Céu Claro;Simples;Interseção de vias;0;3;0;2;0;1;0;2;2;-20.35624;-41.08499
211161.0;2019-05-22;quarta-feira;22:20:00;101.0;264.2;SERRA;Falta de Atenção à Condução;Colisão transversal;Com Vítimas Feridas;Plena Noite;Decrescente;Céu Claro;Múltipla;Reta;1;2;0;1;0;1;0;1;2;-20.17293;-40.26736
211166.0;2019-05-22;quarta-feira;23:30:00;447.0;12.5;VILA VELHA;Falta de Atenção à Condução;Colisão traseira;Com Vítimas Feridas;Plena Noite;Crescente;Céu Claro;Dupla;Reta;1;2;0;2;0;0;0;2;2;-20.3501;-40.33328
211171.0;2019-05-22;quarta-feira;23:30:00;101.0;269.7;SERRA;Carga excessiva e/ou mal acondicionada;Derramamento de carga;Sem Vítimas;Plena Noite;Decrescente;Céu Claro;Múltipla;Interseção de vias;1;1;0;0;0;1;0;0;1;-20.2174;-40.26991
211181.0;2019-05-23;quinta-feira;03:00:00;101.0;421.5;CACHOEIRO DE ITAPEMIRIM;Condutor Dormindo;Colisão frontal;Com Vítimas Fatais;Plena Noite;Decrescente;Céu Claro;Simples;Reta;0;2;1;0;0;1;0;0;2;-20.97797;-41.11215
211190.0;2019-05-23;quinta-feira;07:15:00;101.0;121.5;SOORETAMA;Fenômenos da Natureza;Colisão traseira;Com Vítimas Feridas;Pleno dia;Decrescente;Nevoeiro/Neblina;Simples;Reta;0;2;0;1;0;1;0;1;2;-19.15199;-40.07913
211195.0;2019-05-23;quinta-feira;07:00:00;101.0;121;SOORETAMA;Restrição de Visibilidade;Colisão traseira;Com Vítimas Feridas;Pleno dia;Crescente;Nevoeiro/Neblina;Simples;Reta;0;2;0;0;1;1;0;1;2;-19.15199;-40.07913
211197.0;2019-05-23;quinta-feira;06:50:00;101.0;122;SOORETAMA;Desobediência às normas de trânsito pelo condutor;Tombamento;Com Vítimas Feridas;Amanhecer;Decrescente;Nevoeiro/Neblina;Simples;Reta;0;1;0;1;0;0;0;1;1;-19.16017;-40.08315
211273.0;2019-05-23;quinta-feira;16:35:00;101.0;306.9;VIANA;Desobediência às normas de trânsito pelo condutor;Colisão transversal;Com Vítimas Feridas;Pleno dia;Crescente;Céu Claro;Simples;Reta;0;2;0;1;0;1;0;1;2;-20.39894;-40.45649
211293.0;2019-05-23;quinta-feira;17:00:00;101.0;257;SERRA;Falta de Atenção à Condução;Colisão frontal;Com Vítimas Feridas;Anoitecer;Crescente;Céu Claro;Múltipla;Reta;0;2;0;2;0;0;0;2;2;-20.12455;-40.30332
211334.0;2019-05-23;quinta-feira;20:30:00;262.0;150.7;IBATIBA;Ingestão de Álcool;Saída de leito carroçável;Com Vítimas Feridas;Plena Noite;Decrescente;Céu Claro;Simples;Reta;0;1;0;0;1;0;0;1;1;-20.21662;-41.44678
211341.0;2019-05-23;quinta-feira;20:50:00;262.0;122.7;CONCEICAO DO CASTELO;Defeito Mecânico no Veículo;Incêndio;Sem Vítimas;Plena Noite;Decrescente;Céu Claro;Simples;Curva;0;1;0;0;0;1;0;0;1;-20.29354;-41.23937
211403.0;2019-05-24;sexta-feira;06:05:00;262.0;55.5;MARECHAL FLORIANO;Carga excessiva e/ou mal acondicionada;Derramamento de carga;Com Vítimas Feridas;Pleno dia;Crescente;Céu Claro;Simples;Curva;0;2;0;1;0;1;0;1;2;-20.41121;-40.74794
211411.0;2019-05-12;domingo;19:25:00;259.0;76;COLATINA;Falta de Atenção à Condução;Saída de leito carroçável;Com Vítimas Feridas;Plena Noite;Crescente;Nublado;Simples;Reta;1;1;0;1;0;0;0;1;1;-19.52864;-40.79785
211416.0;2019-05-24;sexta-feira;10:40:00;101.0;232;FUNDAO;Pista Escorregadia;Tombamento;Com Vítimas Feridas;Pleno dia;Crescente;Sol;Simples;Reta;0;1;0;1;0;0;0;1;1;-19.95224;-40.4088
211434.0;2019-05-24;sexta-feira;12:20:00;101.0;414.8;ITAPEMIRIM;Desobediência às normas de trânsito pelo condutor;Colisão lateral;Com Vítimas Feridas;Pleno dia;Decrescente;Céu Claro;Simples;Reta;0;2;0;1;0;1;0;1;2;-20.92346;-41.07836
211441.0;2019-05-24;sexta-feira;13:20:00;101.0;244;SERRA;Ultrapassagem Indevida;Colisão frontal;Com Vítimas Feridas;Pleno dia;Decrescente;Sol;Simples;Reta;1;8;0;7;0;0;1;7;3;-20.04725;-40.38732
211445.0;2019-05-24;sexta-feira;14:00:00;101.0;255.1;SERRA;Falta de Atenção à Condução;Colisão traseira;Com Vítimas Feridas;Pleno dia;Crescente;Sol;Simples;Reta;1;3;0;0;1;1;1;1;2;-20.11584;-40.31772
211447.0;2019-05-24;sexta-feira;14:20:00;101.0;66;SAO MATEUS;Desobediência às normas de trânsito pelo condutor;Colisão transversal;Com Vítimas Feridas;Pleno dia;Crescente;Céu Claro;Simples;Reta;1;2;0;1;0;1;0;1;2;-18.71652;-39.87436
211450.0;2019-05-24;sexta-feira;14:30:00;101.0;255;SERRA;Falta de Atenção à Condução;Colisão traseira;Com Vítimas Feridas;Pleno dia;Crescente;Céu Claro;Dupla;Reta;1;4;0;1;0;3;0;1;3;-20.11488;-40.31944
211461.0;2019-05-24;sexta-feira;15:10:00;101.0;214;IBIRACU;Falta de Atenção à Condução;Colisão transversal;Com Vítimas Feridas;Pleno dia;Decrescente;Sol;Simples;Retorno Regulamentado;0;3;0;1;0;2;0;1;2;-19.82999;-40.37211
211479.0;2019-05-24;sexta-feira;17:30:00;101.0;268.5;SERRA;Desobediência às normas de trânsito pelo condutor;Colisão lateral;Com Vítimas Feridas;Pleno dia;Crescente;Sol;Múltipla;Reta;0;2;0;1;0;1;0;1;2;-20.21328;-40.27013
211490.0;2019-05-24;sexta-feira;17:45:00;393.0;12.8;CACHOEIRO DE ITAPEMIRIM;Objeto estático sobre o leito carroçável;Saída de leito carroçável;Com Vítimas Feridas;Anoitecer;Crescente;Céu Claro;Simples;Reta;0;1;0;1;0;0;0;1;1;-20.8599;-41.25197
211547.0;2019-05-24;sexta-feira;21:30:00;262.0;5.2;CARIACICA;Falta de Atenção do Pedestre;Atropelamento de Pedestre;Com Vítimas Feridas;Plena Noite;Decrescente;Céu Claro;Dupla;Curva;1;2;0;1;1;0;0;2;1;-20.33707;-40.3865
211548.0;2019-05-24;sexta-feira;21:20:00;482.0;104.8;GUACUI;Desobediência às normas de trânsito pelo condutor;Colisão frontal;Com Vítimas Feridas;Plena Noite;Crescente;Céu Claro;Simples;Reta;1;2;0;2;0;0;0;2;2;-20.78384;-41.66073
211559.0;2019-05-24;sexta-feira;15:00:00;101.0;98.1;JAGUARE;Falta de Atenção à Condução;Tombamento;Com Vítimas Feridas;Pleno dia;Crescente;Céu Claro;Simples;Reta;0;1;0;1;0;0;0;1;1;-18.96369;-39.98758
211620.0;2019-05-25;sábado;10:30:00;101.0;148.7;LINHARES;Falta de Atenção à Condução;Saída de leito carroçável;Com Vítimas Feridas;Pleno dia;Decrescente;Céu Claro;Múltipla;Reta;1;2;0;1;0;0;1;1;1;-19.38787;-40.06753
211644.0;2019-05-25;sábado;14:35:00;101.0;64.5;SAO MATEUS;Desobediência às normas de trânsito pelo condutor;Queda de ocupante de veículo;Com Vítimas Feridas;Pleno dia;Crescente;Céu Claro;Simples;Curva;0;3;0;0;2;0;1;2;2;-18.70744;-39.87647