id;data_inversa;dia_semana;horario;br;km;municipio;causa_acidente;tipo_acidente;classificacao_acidente;fase_dia;sentido_via;condicao_metereologica;tipo_pista;tracado_via;uso_solo;pessoas;mortos;feridos_leves;feridos_graves;ilesos;ignorados;feridos;veiculos;latitude;longitude
215084.0;2019-06-11;terça-feira;19:00:00;101.0;146.7;LINHARES;Falta de Atenção à Condução;Colisão traseira;Com Vítimas Feridas;Plena Noite;Crescente;Céu Claro;Múltipla;Reta;1;2;0;1;0;1;0;1;2;-19.36991;-40.06561
215089.0;2019-06-11;terça-feira;19:20:00;101.0;292.9;CARIACICA;Falta de Atenção à Condução;Colisão com objeto estático;Com Vítimas Feridas;Plena Noite;Decrescente;Céu Claro;Múltipla;Interseção de vias;1;1;0;1;0;0;0;1;1;-20.31463;-40.39523
215166.0;2019-06-12;quarta-feira;07:50:00;262.0;5;CARIACICA;Falta de Atenção à Condução;Colisão lateral;Sem Vítimas;Pleno dia;Decrescente;Céu Claro;Dupla;Reta;0;3;0;0;0;2;1;0;2;-20.33707;-40.3865
215176.0;2019-06-12;quarta-feira;09:50:00;101.0;269;SERRA;Não guardar distância de segurança;Queda de ocupante de veículo;Com Vítimas Feridas;Pleno dia;Decrescente;Nublado;Múltipla;Reta;1;1;0;1;0;0;0;1;1;-20.2174;-40.26998
215187.0;2019-06-12;quarta-feira;10:20:00;101.0;298.1;VIANA;Falta de Atenção do Pedestre;Atropelamento de Pedestre;Com Vítimas Feridas;Pleno dia;Decrescente;Nublado;Dupla;Curva;1;2;0;2;0;0;0;2;1;-20.35374;-40.41564
215215.0;2019-01-07;segunda-feira;10:45:00;101.0;298.5;VIANA;Falta de Atenção à Condução;Colisão lateral;Com Vítimas Feridas;Pleno dia;Decrescente;Céu Claro;Múltipla;Reta;0;2;0;0;1;1;0;1;2;-20.35742;-40.41904
215247.0;2019-06-12;quarta-feira;17:45:00;101.0;395.5;RIO NOVO DO SUL;Falta de Atenção à Condução;Colisão transversal;Com Vítimas Feridas;Plena Noite;Crescente;Nublado;Simples;Curva;1;2;0;0;1;1;0;1;2;-20.86594;-40.93258
215276.0;2019-06-12;quarta-feira;18:30:00;101.0;269.5;SERRA;Falta de Atenção à Condução;Tombamento;Com Vítimas Feridas;Plena Noite;Crescente;Nublado;Dupla;Reta;1;1;0;1;0;0;0;1;1;-20.2174;-40.26991
215277.0;2019-06-12;quarta-feira;18:50:00;101.0;214;IBIRACU;Avarias e/ou desgaste excessivo no pneu;Queda de ocupante de veículo;Sem Vítimas;Plena Noite;Crescente;Céu Claro;Simples;Curva;0;1;0;0;0;0;1;0;1;-19.82999;-40.37211
215294.0;2019-06-12;quarta-feira;19:00:00;101.0;292;CARIACICA;Falta de Atenção à Condução;Colisão lateral;Com Vítimas Feridas;Anoitecer;Crescente;Nublado;Simples;Curva;1;2;0;1;0;1;0;1;2;-20.30651;-40.39489
215306.0;2019-06-12;quarta-feira;21:15:00;262.0;3.8;CARIACICA;Falta de Atenção à Condução;Colisão lateral;Com Vítimas Feridas;Plena Noite;Decrescente;Chuva;Dupla;Reta;1;3;0;2;0;1;0;2;2;-20.33374;-40.36911
215405.0;2019-06-13;quinta-feira;11:05:00;101.0;68;SAO MATEUS;Não guardar distância de segurança;Colisão traseira;Com Vítimas Feridas;Pleno dia;Decrescente;Céu Claro;Simples;Reta;1;3;0;1;0;2;0;1;3;-18.7266;-39.85975
215458.0;2019-06-13;quinta-feira;16:20:00;101.0;269.8;SERRA;Falta de Atenção à Condução;Colisão lateral;Com Vítimas Feridas;Pleno dia;Decrescente;Céu Claro;Múltipla;Reta;1;3;0;2;0;1;0;2;2;-20.2174;-40.26991
215525.0;2019-06-14;sexta-feira;05:15:00;101.0;141.2;LINHARES;Falta de Atenção à Condução;Colisão lateral;Com Vítimas Feridas;Amanhecer;Decrescente;Nublado;Múltipla;Reta;1;2;0;0;1;1;0;1;2;-19.32656;-40.07192
215545.0;2019-06-14;sexta-feira;08:10:00;262.0;1.3;CARIACICA;Desobediência às normas de trânsito pelo condutor;Colisão lateral;Com Vítimas Feridas;Pleno dia;Decrescente;Sol;Dupla;Reta;1;3;0;1;0;2;0;1;2;-20.32955;-40.35493
215561.0;2019-06-14;sexta-feira;08:25:00;262.0;7;CARIACICA;Falta de Atenção à Condução;Colisão traseira;Com Vítimas Feridas;Pleno dia;Crescente;Sol;Dupla;Retorno Regulamentado;0;2;0;1;0;1;0;1;2;-20.34284;-40.40435
215612.0;2019-06-14;sexta-feira;16:15:00;262.0;4.8;CARIACICA;Falta de Atenção à Condução;Colisão transversal;Com Vítimas Feridas;Anoitecer;Decrescente;Céu Claro;Múltipla;Reta;1;2;0;1;0;1;0;1;2;-20.33823;-40.38499
215629.0;2019-06-14;sexta-feira;17:14:00;101.0;147;LINHARES;Falta de Atenção à Condução;Colisão transversal;Com Vítimas Feridas;Anoitecer;Decrescente;Céu Claro;Dupla;Retorno Regulamentado;1;2;0;1;0;1;0;1;2;-19.37887;-40.06658
215648.0;2019-06-14;sexta-feira;18:25:00;101.0;295.4;CARIACICA;Falta de Atenção à Condução;Colisão lateral;Com Vítimas Feridas;Plena Noite;Crescente;Céu Claro;Dupla;Reta;1;3;0;1;0;2;0;1;2;-20.33224;-40.40005
215649.0;2019-06-14;sexta-feira;18:15:00;101.0;69;SAO MATEUS;Falta de Atenção à Condução;Colisão frontal;Com Vítimas Feridas;Plena Noite;Decrescente;Nublado;Simples;Não Informado;0;2;0;2;0;0;0;2;2;-18.73556;-39.8607
215662.0;2019-06-14;sexta-feira;17:30:00;259.0;50.7;COLATINA;Defeito Mecânico no Veículo;Danos eventuais;Com Vítimas Feridas;Anoitecer;Decrescente;Céu Claro;Simples;Reta;1;1;0;1;0;0;0;1;1;-19.5101;-40.60615
215668.0;2019-06-14;sexta-feira;19:50:00;101.0;145.3;LINHARES;Falta de Atenção à Condução;Colisão transversal;Com Vítimas Feridas;Plena Noite;Decrescente;Nublado;Simples;Interseção de vias;1;2;0;0;2;0;0;2;2;-19.36331;-40.06467
215700.0;2019-06-14;sexta-feira;21:10:00;101.0;145;LINHARES;Falta de Atenção à Condução;Colisão traseira;Com Vítimas Feridas;Plena Noite;Decrescente;Céu Claro;Dupla;Reta;0;1;0;1;0;0;0;1;1;-19.3609;-40.06464
215775.0;2019-06-15;sábado;09:05:00;101.0;262;SERRA;Falta de Atenção à Condução;Colisão lateral;Com Vítimas Feridas;Pleno dia;Decrescente;Céu Claro;Dupla;Reta;1;2;0;1;0;1;0;1;2;-20.15723;-40.27678
215780.0;2019-06-15;sábado;10:30:00;101.0;267.9;SERRA;Não guardar distância de segurança;Colisão traseira;Com Vítimas Feridas;Pleno dia;Decrescente;Sol;Dupla;Reta;1;2;0;1;0;1;0;1;2;-20.19931;-40.26885
215811.0;2019-06-15;sábado;13:30:00;101.0;331;GUARAPARI;Ultrapassagem Indevida;Colisão lateral;Com Vítimas Feridas;Pleno dia;Crescente;Céu Claro;Simples;Curva;1;3;0;2;0;1;0;2;2;-20.60149;-40.50249
215842.0;2019-06-15;sábado;16:15:00;101.0;146;LINHARES;Ingestão de Álcool;Colisão traseira;Com Vítimas Feridas;Pleno dia;Crescente;Céu Claro;Simples;Reta;1;2;0;1;0;1;0;1;2;-19.36991;-40.06561
215851.0;2019-06-15;sábado;17:35:00;101.0;19;VIANA;Falta de Atenção à Condução;Colisão transversal;Com Vítimas Feridas;Anoitecer;Crescente;Ignorado;Simples;Reta;0;4;0;1;0;1;2;1;2;-20.39202;-40.48273
215879.0;2019-06-15;sábado;19:30:00;101.0;358.2;ANCHIETA;Falta de Atenção à Condução;Capotamento;Sem Vítimas;Plena Noite;Crescente;Céu Claro;Simples;Reta;0;1;0;0;0;0;1;0;1;-20.69172;-40.70425
215935.0;2019-06-16;domingo;00:15:00;262.0;6.5;CARIACICA;Falta de Atenção à Condução;Colisão transversal;Sem Vítimas;Plena Noite;Crescente;Céu Claro;Dupla;Interseção de vias;0;2;0;0;0;2;0;0;2;-20.34007;-40.39451
215951.0;2019-06-16;domingo;02:45:00;101.0;202.3;JOAO NEIVA;Desobediência às normas de trânsito pelo condutor;Colisão frontal;Com Vítimas Fatais;Plena Noite;Crescente;Céu Claro;Simples;Reta;0;2;1;0;0;1;0;0;2;-19.74172;-40.36522
215956.0;2019-06-16;domingo;02:45:00;101.0;84.1;SAO MATEUS;Condutor Dormindo;Saída de leito carroçável;Com Vítimas Feridas;Plena Noite;Crescente;Céu Claro;Simples;Reta;0;1;0;1;0;0;0;1;1;-18.85088;-39.92872
215976.0;2019-06-16;domingo;06:00:00;101.0;294;CARIACICA;Falta de Atenção à Condução;Queda de ocupante de veículo;Com Vítimas Feridas;Amanhecer;Crescente;Céu Claro;Dupla;Reta;1;2;0;2;0;0;0;2;1;-20.32416;-40.39529
215977.0;2019-06-16;domingo;02:45:00;101.0;202.4;JOAO NEIVA;Não guardar distância de segurança;Colisão com objeto estático;Com Vítimas Feridas;Plena Noite;Crescente;Céu Claro;Simples;Ponte;0;2;0;1;0;1;0;1;1;-19.74172;-40.36522
215990.0;2019-06-16;domingo;06:00:00;482.0;115.5;GUACUI;Velocidade Incompatível;Tombamento;Sem Vítimas;Amanhecer;Crescente;Nevoeiro/Neblina;Simples;Curva;0;2;0;0;0;0;2;0;1;-20.80838;-41.73264
216023.0;2019-06-16;domingo;10:30:00;101.0;457.5;MIMOSO DO SUL;Desobediência às normas de trânsito pelo condutor;Colisão transversal;Com Vítimas Feridas;Pleno dia;Decrescente;Céu Claro;Simples;Reta;0;4;0;4;0;0;0;4;2;-21.19405;-41.29778
216052.0;2019-06-16;domingo;14:00:00;262.0;167.6;IBATIBA;Velocidade Incompatível;Colisão com objeto estático;Com Vítimas Feridas;Pleno dia;Crescente;Céu Claro;Simples;Curva;0;2;0;1;1;0;0;2;1;-20.2531;-41.56634
216165.0;2019-06-16;domingo;21:10:00;101.0;162;LINHARES;Ingestão de Álcool;Colisão transversal;Sem Vítimas;Plena Noite;Decrescente;Céu Claro;Simples;Reta;0;2;0;0;0;2;0;0;2;-19.49015;-40.12624
216169.0;2019-06-16;domingo;20:44:00;101.0;266;SERRA;Desobediência às normas de trânsito pelo condutor;Colisão transversal;Com Vítimas Feridas;Plena Noite;Crescente;Céu Claro;Dupla;Interseção de vias;1;2;0;1;0;0;1;1;2;-20.1902;-40.26829
216177.0;2019-06-16;domingo;21:30:00;101.0;265.3;SERRA;Pista Escorregadia;Capotamento;Com Vítimas Feridas;Plena Noite;Decrescente;Chuva;Dupla;Reta;1;5;0;5;0;0;0;5;1;-20.18168;-40.26536
216179.0;2019-06-16;domingo;21:25:00;101.0;300.5;VIANA;Desobediência às normas de trânsito pelo condutor;Colisão lateral;Com Vítimas Feridas;Plena Noite;Crescente;Céu Claro;Simples;Interseção de vias;1;2;0;1;0;1;0;1;2;-20.36156;-40.43593
216287.0;2019-06-17;segunda-feira;10:30:00;262.0;2.2;CARIACICA;Desobediência às normas de trânsito pelo condutor;Colisão transversal;Sem Vítimas;Pleno dia;Decrescente;Chuva;Dupla;Interseção de vias;1;1;0;0;0;1;0;0;1;-20.33276;-40.36078
216330.0;2019-06-17;segunda-feira;14:20:00;259.0;18.9;JOAO NEIVA;Não guardar distância de segurança;Colisão traseira;Com Vítimas Feridas;Pleno dia;Decrescente;Sol;Simples;Reta;0;6;0;5;0;1;0;5;2;-19.66545;-40.44877
216371.0;2019-06-17;segunda-feira;17:40:00;101.0;269;SERRA;Desobediência às normas de trânsito pelo condutor;Colisão traseira;Com Vítimas Feridas;Plena Noite;Crescente;Nublado;Dupla;Reta;0;2;0;1;0;1;0;1;2;-20.2174;-40.26991
216378.0;2019-06-17;segunda-feira;18:20:00;101.0;212.3;IBIRACU;Falta de Atenção à Condução;Colisão lateral;Com Vítimas Feridas;Plena Noite;Crescente;Céu Claro;Simples;Reta;1;2;0;1;0;0;1;1;2;-19.81538;-40.36656
216424.0;2019-06-17;segunda-feira;17:00:00;101.0;342;GUARAPARI;Não guardar distância de segurança;Queda de ocupante de veículo;Com Vítimas Feridas;Anoitecer;Decrescente;Nublado;Simples;Reta;0;1;0;1;0;0;0;1;1;-20.65737;-40.58235
216429.0;2019-06-17;segunda-feira;21:00:00;101.0;18;PEDRO CANARIO;Velocidade Incompatível;Tombamento;Com Vítimas Feridas;Plena Noite;Crescente;Nublado;Simples;Ponte;0;2;0;1;0;1;0;1;1;-18.312;-39.95523
216584.0;2019-06-18;terça-feira;21:50:00;101.0;0.8;SERRA;Falta de Atenção à Condução;Queda de ocupante de veículo;Com Vítimas Feridas;Plena Noite;Decrescente;Céu Claro;Dupla;Reta;1;1;0;1;0;0;0;1;1;-20.12909;-40.30812
216689.0;2019-06-19;quarta-feira;11:00:00;101.0;147.3;LINHARES;Falta de Atenção à Condução;Colisão traseira;Com Vítimas Feridas;Pleno dia;Crescente;Sol;Dupla;Reta;1;2;0;0;2;0;0;2;2;-19.37887;-40.06658
216706.0;2019-06-19;quarta-feira;14:00:00;101.0;299;VIANA;Falta de Atenção à Condução;Colisão lateral;Sem Vítimas;Pleno dia;Crescente;Céu Claro;Múltipla;Reta;1;2;0;0;0;2;0;0;2;-20.35861;-40.42328
216745.0;2019-05-27;segunda-feira;06:20:00;393.0;26.4;MUQUI;Fenômenos da Natureza;Colisão traseira;Com Vítimas Fatais;Amanhecer;Crescente;Céu Claro;Simples;Reta;1;9;1;3;3;2;0;6;2;-20.95248;-41.35692
216807.0;2019-06-19;quarta-feira;23:40:00;101.0;267.9;SERRA;Ingestão de Álcool;Colisão traseira;Sem Vítimas;Plena Noite;Decrescente;Céu Claro;Múltipla;Reta;1;3;0;0;0;3;0;0;3;-20.19931;-40.26885
216839.0;2019-06-20;quinta-feira;06:35:00;101.0;296.9;CARIACICA;Velocidade Incompatível;Tombamento;Com Vítimas Feridas;Pleno dia;Crescente;Céu Claro;Múltipla;Curva;1;1;0;1;0;0;0;1;1;-20.3403;-40.40406
216872.0;2019-06-20;quinta-feira;09:15:00;101.0;322.3;GUARAPARI;Não guardar distância de segurança;Saída de leito carroçável;Com Vítimas Feridas;Pleno dia;Decrescente;Céu Claro;Simples;Curva;0;1;0;0;1;0;0;1;1;-20.52834;-40.48237
216905.0;2019-06-20;quinta-feira;13:15:00;101.0;93;SAO MATEUS;Desobediência às normas de trânsito pelo condutor;Colisão transversal;Com Vítimas Feridas;Pleno dia;Crescente;Céu Claro;Simples;Reta;1;2;0;0;1;1;0;1;2;-18.92267;-39.96785
216906.0;2019-04-30;terça-feira;14:30:00;101.0;299;VIANA;Defeito Mecânico no Veículo;Tombamento;Com Vítimas Feridas;Pleno dia;Decrescente;Ignorado;Dupla;Reta;1;1;0;0;1;0;0;1;1;-20.3831;-40.45992
216916.0;2019-06-20;quinta-feira;13:50:00;101.0;166;LINHARES;Falta de Atenção à Condução;Colisão traseira;Com Vítimas Feridas;Pleno dia;Decrescente;Céu Claro;Simples;Reta;1;3;0;1;0;2;0;1;2;-19.52078;-40.14567
216957.0;2019-06-20;quinta-feira;18:30:00;101.0;128;SOORETAMA;Falta de Atenção à Condução;Colisão transversal;Com Vítimas Fatais;Plena Noite;Crescente;Céu Claro;Múltipla;Reta;0;2;1;0;0;1;0;0;2;-19.2136;-40.09451
217007.0;2019-06-20;quinta-feira;22:40:00;101.0;391.3;RIO NOVO DO SUL;Ingestão de Álcool;Colisão traseira;Com Vítimas Feridas;Pleno dia;Decrescente;Céu Claro;Simples;Curva;0;4;0;3;0;1;0;3;2;-20.86495;-40.89747
217040.0;2019-06-21;sexta-feira;01:30:00;262.0;27.6;VIANA;Falta de Atenção à Condução;Colisão transversal;Sem Vítimas;Plena Noite;Decrescente;Céu Claro;Simples;Reta;0;3;0;0;0;3;0;0;2;-20.38325;-40.56049
217051.0;2019-06-21;sexta-feira;06:50:00;262.0;119.1;CONCEICAO DO CASTELO;Avarias e/ou desgaste excessivo no pneu;Capotamento;Com Vítimas Feridas;Pleno dia;Crescente;Chuva;Simples;Curva;0;2;0;2;0;0;0;2;1;-20.30782;-41.23182
217092.0;2019-06-21;sexta-feira;12:50:00;101.0;402.8;ITAPEMIRIM;Condutor Dormindo;Saída de leito carroçável;Com Vítimas Feridas;Pleno dia;Crescente;Nublado;Simples;Curva;0;1;0;1;0;0;0;1;1;-20.88915;-40.99004
217114.0;2019-06-21;sexta-feira;15:00:00;262.0;91;DOMINGOS MARTINS;Falta de Atenção à Condução;Colisão transversal;Com Vítimas Feridas;Pleno dia;Decrescente;Garoa/Chuvisco;Simples;Reta;1;2;0;1;0;1;0;1;2;-20.37841;-41.03346
217146.0;2019-06-21;sexta-feira;18:15:00;482.0;107;GUACUI;Falta de Atenção à Condução;Queda de ocupante de veículo;Com Vítimas Feridas;Plena Noite;Decrescente;Chuva;Simples;Reta;0;2;0;1;1;0;0;2;1;-20.7811;-41.68161
217259.0;2019-06-22;sábado;12:30:00;101.0;318.4;GUARAPARI;Defeito Mecânico no Veículo;Incêndio;Sem Vítimas;Pleno dia;Decrescente;Garoa/Chuvisco;Simples;Reta;0;1;0;0;0;1;0;0;1;-20.49469;-40.47663
217267.0;2019-06-22;sábado;14:00:00;101.0;262.3;SERRA;Defeito Mecânico no Veículo;Queda de ocupante de veículo;Com Vítimas Feridas;Pleno dia;Decrescente;Céu Claro;Dupla;Retorno Regulamentado;1;2;0;2;0;0;0;2;1;-20.15723;-40.27678
217309.0;2019-06-22;sábado;18:15:00;101.0;130;LINHARES;Falta de Atenção à Condução;Colisão lateral;Com Vítimas Feridas;Plena Noite;Crescente;Céu Claro;Simples;Não Informado;0;2;0;0;1;1;0;1;2;-19.22995;-40.09267
217320.0;2019-06-22;sábado;19:10:00;101.0;91.2;JAGUARE;Falta de Atenção à Condução;Colisão lateral;Com Vítimas Feridas;Plena Noite;Decrescente;Garoa/Chuvisco;Simples;Curva;0;2;0;1;0;1;0;1;2;-18.90627;-39.95996
217347.0;2019-06-22;sábado;19:40:00;101.0;126.9;SOORETAMA;Falta de Atenção do Pedestre;Atropelamento de Pedestre;Com Vítimas Feridas;Plena Noite;Crescente;Nublado;Simples;Reta;1;2;0;0;1;0;1;1;1;-19.19395;-40.0951
217432.0;2019-06-23;domingo;09:30:00;101.0;234.9;FUNDAO;Ingestão de Álcool;Colisão frontal;Com Vítimas Feridas;Pleno dia;Crescente;Nublado;Simples;Curva;0;6;0;4;0;2;0;4;2;-19.96974;-40.40766
217465.0;2019-06-23;domingo;13:20:00;101.0;269.5;SERRA;Desobediência às normas de trânsito pelo condutor;Colisão transversal;Sem Vítimas;Pleno dia;Decrescente;Nublado;Dupla;Interseção de vias;1;3;0;0;0;3;0;0;3;-20.22318;-40.27026
217495.0;2019-06-23;domingo;16:15:00;101.0;283;CARIACICA;Falta de Atenção à Condução;Saída de leito carroçável;Com Vítimas Feridas;Pleno dia;Decrescente;Céu Claro;Dupla;Reta;0;1;0;1;0;0;0;1;1;-20.23438;-40.36936
217502.0;2019-06-23;domingo;16:45:00;101.0;61;SAO MATEUS;Não guardar distância de segurança;Colisão traseira;Com Vítimas Feridas;Anoitecer;Crescente;Nublado;Simples;Reta;1;5;0;2;0;3;0;2;4;-18.68153;-39.86365
217538.0;2019-06-23;domingo;18:00:00;262.0;64;MARECHAL FLORIANO;Velocidade Incompatível;Tombamento;Com Vítimas Feridas;Anoitecer;Decrescente;Nublado;Simples;Curva;0;2;0;1;0;1;0;1;1;-20.41882;-40.81674
217561.0;2019-06-23;domingo;19:45:00;101.0;141;LINHARES;Falta de Atenção à Condução;Atropelamento de Pedestre;Com Vítimas Feridas;Plena Noite;Decrescente;Céu Claro;Simples;Reta;1;2;0;1;0;0;1;1;1;-19.32656;-40.07192
217583.0;2019-06-23;domingo;21:48:00;101.0;286.5;CARIACICA;Falta de Atenção à Condução;Colisão transversal;Com Vítimas Feridas;Plena Noite;Decrescente;Céu Claro;Dupla;Reta;1;2;0;0;1;1;0;1;2;-20.25807;-40.37735
217584.0;2019-06-23;domingo;21:40:00;101.0;266.3;SERRA;Desobediência às normas de trânsito pelo condutor;Colisão transversal;Sem Vítimas;Plena Noite;Decrescente;Nublado;Múltipla;Interseção de vias;1;2;0;0;0;2;0;0;2;-20.1936;-40.2683
217593.0;2019-06-23;domingo;21:40:00;393.0;8.9;CACHOEIRO DE ITAPEMIRIM;Falta de Atenção à Condução;Capotamento;Com Vítimas Feridas;Plena Noite;Crescente;Nublado;Simples;Reta;0;1;0;1;0;0;0;1;1;-20.83131;-41.22312
217622.0;2019-06-24;segunda-feira;05:57:00;101.0;308.7;VIANA;Defeito Mecânico no Veículo;Saída de leito carroçável;Com Vítimas Feridas;Amanhecer;Decrescente;Céu Claro;Simples;Reta;0;11;0;7;3;1;0;10;1;-20.40809;-40.45835
217687.0;2019-06-24;segunda-feira;08:30:00;101.0;269.9;SERRA;Falta de Atenção à Condução;Tombamento;Com Vítimas Feridas;Pleno dia;Crescente;Sol;Dupla;Reta;1;2;0;2;0;0;0;2;1;-20.2174;-40.26991
217714.0;2019-06-24;segunda-feira;11:45:00;262.0;0.9;CARIACICA;Desobediência às normas de trânsito pelo condutor;Colisão lateral;Com Vítimas Feridas;Pleno dia;Crescente;Céu Claro;Dupla;Ponte;1;2;0;1;0;0;1;1;2;-20.32079;-40.35332
217782.0;2019-06-24;segunda-feira;16:00:00;101.0;27.2;CONCEICAO DA BARRA;Falta de Atenção à Condução;Colisão traseira;Com Vítimas Feridas;Pleno dia;Crescente;Nublado;Simples;Desvio Temporário;0;2;0;1;0;1;0;1;2;-18.38366;-39.94482
217785.0;2019-06-24;segunda-feira;17:10:00;101.0;267.8;SERRA;Falta de Atenção à Condução;Atropelamento de Pedestre;Com Vítimas Feridas;Anoitecer;Crescente;Céu Claro;Múltipla;Reta;1;2;0;2;0;0;0;2;1;-20.19931;-40.26885
217829.0;2019-06-24;segunda-feira;21:00:00;101.0;264.4;SERRA;Falta de Atenção à Condução;Colisão transversal;Com Vítimas Feridas;Plena Noite;Decrescente;Céu Claro;Dupla;Interseção de vias;1;3;0;2;0;1;0;2;2;-20.17293;-40.26736
217857.0;2019-06-24;segunda-feira;23:40:00;262.0;161.1;IBATIBA;Defeito Mecânico no Veículo;Incêndio;Sem Vítimas;Plena Noite;Decrescente;Céu Claro;Simples;Reta;0;1;0;0;0;0;1;0;1;-20.23727;-41.51813
217876.0;2019-06-25;terça-feira;07:15:00;101.0;269;SERRA;Falta de Atenção do Pedestre;Atropelamento de Pedestre;Com Vítimas Feridas;Pleno dia;Crescente;Sol;Múltipla;Reta;1;3;0;1;1;1;0;2;2;-20.21738;-40.27015
217953.0;2019-06-25;terça-feira;13:30:00;101.0;293;CARIACICA;Pista Escorregadia;Queda de ocupante de veículo;Com Vítimas Feridas;Pleno dia;Crescente;Céu Claro;Múltipla;Reta;1;1;0;1;0;0;0;1;1;-20.31526;-40.39567
217954.0;2019-06-25;terça-feira;14:00:00;101.0;191.7;ARACRUZ;Não guardar distância de segurança;Saída de leito carroçável;Com Vítimas Feridas;Pleno dia;Crescente;Céu Claro;Simples;Não Informado;0;1;0;1;0;0;0;1;1;-19.68909;-40.28696
218014.0;2019-06-25;terça-feira;19:50:00;101.0;267.5;SERRA;Falta de Atenção do Pedestre;Atropelamento de Pedestre;Com Vítimas Feridas;Plena Noite;Crescente;Céu Claro;Dupla;Reta;1;2;0;1;0;1;0;1;1;-20.19931;-40.26885
218071.0;2019-06-26;quarta-feira;07:50:00;101.0;143;LINHARES;Falta de Atenção do Pedestre;Atropelamento de Pedestre;Com Vítimas Feridas;Pleno dia;Decrescente;Céu Claro;Simples;Reta;0;2;0;1;0;0;1;1;1;-19.34287;-40.06386
218112.0;2019-06-26;quarta-feira;10:15:00;262.0;104;VENDA NOVA DO IMIGRANTE;Falta de Atenção à Condução;Colisão traseira;Com Vítimas Feridas;Pleno dia;Decrescente;Céu Claro;Simples;Reta;1;2;0;1;0;1;0;1;2;-20.33303;-41.12932
218127.0;2019-01-10;quinta-feira;16:30:00;262.0;151;IBATIBA;Carga excessiva e/ou mal acondicionada;Tombamento;Com Vítimas Feridas;Pleno dia;Crescente;Céu Claro;Simples;Curva;0;2;0;1;1;0;0;2;1;-20.21491;-41.45357
218144.0;2019-06-06;quinta-feira;07:30:00;482.0;69.4;ALEGRE;Velocidade Incompatível;Colisão transversal;Com Vítimas Feridas;Pleno dia;Decrescente;Céu Claro;Simples;Curva;0;3;0;2;0;0;1;2;2;-20.769;-41.42867
218204.0;2019-06-26;quarta-feira;18:20:00;101.0;149.2;LINHARES;Falta de Atenção do Pedestre;Atropelamento de Pedestre;Com Vítimas Feridas;Plena Noite;Decrescente;Céu Claro;Dupla;Interseção de vias;1;2;0;2;0;0;0;2;1;-19.39619;-40.06436
218225.0;2019-06-26;quarta-feira;20:58:00;262.0;1.1;CARIACICA;Defeito Mecânico no Veículo;Colisão traseira;Sem Vítimas;Plena Noite;Crescente;Céu Claro;Múltipla;Reta;1;2;0;0;0;2;0;0;2;-20.32955;-40.35493
218248.0;2019-06-27;quinta-feira;05:20:00;101.0;265;SERRA;Falta de Atenção à Condução;Colisão traseira;Com Vítimas Feridas;Amanhecer;Crescente;Céu Claro;Dupla;Reta;1;2;0;1;0;1;0;1;2;-20.18168;-40.26536
218275.0;2019-06-27;quinta-feira;08:00:00;101.0;65.9;SAO MATEUS;Falta de Atenção à Condução;Colisão lateral;Com Vítimas Feridas;Pleno dia;Crescente;Céu Claro;Simples;Reta;1;2;0;1;0;1;0;1;2;-18.71626;-39.87525
218354.0;2019-06-27;quinta-feira;15:40:00;101.0;279;SERRA;Falta de Atenção à Condução;Colisão transversal;Com Vítimas Feridas;Pleno dia;Crescente;Céu Claro;Múltipla;Reta;1;2;0;0;1;1;0;1;2;-20.21812;-40.33933
218355.0;2019-06-27;quinta-feira;15:40:00;101.0;296;CARIACICA;Desobediência às normas de trânsito pelo condutor;Colisão transversal;Com Vítimas Feridas;Pleno dia;Decrescente;Céu Claro;Múltipla;Rotatória;1;2;0;1;0;1;0;1;2;-20.34295;-40.40341
218363.0;2019-06-27;quinta-feira;16:15:00;262.0;1;CARIACICA;Falta de Atenção à Condução;Queda de ocupante de veículo;Com Vítimas Feridas;Pleno dia;Decrescente;Céu Claro;Dupla;Reta;1;2;0;1;0;1;0;1;2;-20.38303;-40.45987
218368.0;2019-06-27;quinta-feira;15:00:00;262.0;148.5;IBATIBA;Defeito Mecânico no Veículo;Saída de leito carroçável;Com Vítimas Feridas;Pleno dia;Crescente;Sol;Simples;Curva;0;1;0;1;0;0;0;1;1;-20.21477;-41.42393
218396.0;2019-06-27;quinta-feira;17:30:00;447.0;13.2;VILA VELHA;Falta de Atenção à Condução;Colisão lateral;Com Vítimas Feridas;Plena Noite;Decrescente;Céu Claro;Dupla;Reta;1;2;0;1;0;0;1;1;2;-20.34432;-40.32966
218411.0;2019-05-10;sexta-feira;20:30:00;101.0;266.5;SERRA;Ingestão de Álcool;Engavetamento;Com Vítimas Feridas;Plena Noite;Decrescente;Nublado;Dupla;Reta;1;4;0;0;1;2;1;1;4;-20.1902;-40.26829
218438.0;2019-06-27;quinta-feira;22:45:00;101.0;135;LINHARES;Falta de Atenção à Condução;Colisão traseira;Com Vítimas Feridas;Plena Noite;Decrescente;Céu Claro;Simples;Reta;0;3;0;2;0;0;1;2;2;-19.27504;-40.08788
218489.0;2019-06-28;sexta-feira;09:00:00;101.0;268;SERRA;Desobediência às normas de trânsito pelo condutor;Atropelamento de Pedestre;Com Vítimas Feridas;Pleno dia;Crescente;Céu Claro;Dupla;Reta;1;3;0;1;0;0;2;1;1;-20.20842;-40.2694