id;data_inversa;dia_semana;horario;br;km;municipio;causa_acidente;tipo_acidente;classificacao_acidente;fase_dia;sentido_via;condicao_metereologica;tipo_pista;tracado_via;uso_solo;pessoas;mortos;feridos_leves;feridos_graves;ilesos;ignorados;feridos;veiculos;latitude;longitude
224534.0;2019-07-25;quinta-feira;13:38:00;101.0;263.8;SERRA;Falta de Atenção à Condução;Colisão traseira;Com Vítimas Feridas;Pleno dia;Decrescente;Céu Claro;Dupla;Reta;1;3;0;2;0;0;1;2;2;-20.16555;-40.27302
224555.0;2019-07-25;quinta-feira;15:20:00;101.0;228;FUNDAO;Falta de Atenção à Condução;Colisão traseira;Com Vítimas Feridas;Pleno dia;Crescente;Céu Claro;Simples;Reta;0;3;0;1;0;2;0;1;3;-19.91869;-40.40571
224592.0;2019-07-25;quinta-feira;17:40:00;101.0;233.7;FUNDAO;Velocidade Incompatível;Colisão frontal;Com Vítimas Fatais;Anoitecer;Decrescente;Céu Claro;Simples;Reta;0;3;1;0;0;2;0;0;2;-19.96668;-40.4064
224608.0;2019-07-25;quinta-feira;18:45:00;101.0;66.2;SAO MATEUS;Falta de Atenção à Condução;Colisão transversal;Com Vítimas Feridas;Plena Noite;Crescente;Céu Claro;Simples;Reta;1;5;0;3;0;2;0;3;2;-18.71652;-39.87436
224620.0;2019-07-25;quinta-feira;20:50:00;101.0;66.2;SAO MATEUS;Falta de Atenção do Pedestre;Atropelamento de Pedestre;Com Vítimas Feridas;Plena Noite;Crescente;Céu Claro;Simples;Reta;1;2;0;0;1;1;0;1;1;-18.71656;-39.87441
224623.0;2019-07-25;quinta-feira;21:20:00;101.0;270.6;SERRA;Falta de Atenção à Condução;Saída de leito carroçável;Com Vítimas Feridas;Plena Noite;Crescente;Céu Claro;Dupla;Reta;1;1;0;1;0;0;0;1;1;-20.23015;-40.27313
224629.0;2019-07-25;quinta-feira;21:50:00;101.0;300;VIANA;Falta de Atenção à Condução;Colisão transversal;Com Vítimas Feridas;Plena Noite;Crescente;Nublado;Múltipla;Interseção de vias;1;3;0;1;0;1;1;1;3;-20.36278;-40.44013
224633.0;2019-07-25;quinta-feira;22:10:00;101.0;265.1;SERRA;Ingestão de álcool e/ou substâncias psicoativas pelo pedestre;Tombamento;Com Vítimas Feridas;Plena Noite;Decrescente;Céu Claro;Múltipla;Reta;1;1;0;1;0;0;0;1;1;-20.18168;-40.26536
224686.0;2019-07-26;sexta-feira;07:45:00;262.0;1.2;CARIACICA;Falta de Atenção à Condução;Colisão traseira;Com Vítimas Feridas;Pleno dia;Decrescente;Sol;Dupla;Reta;1;3;0;1;1;0;1;2;3;-20.33289;-40.35654
224723.0;2019-07-26;sexta-feira;10:30:00;101.0;266.1;SERRA;Falta de Atenção à Condução;Colisão lateral;Sem Vítimas;Pleno dia;Crescente;Sol;Dupla;Reta;1;2;0;0;0;2;0;0;2;-20.1902;-40.26829
224766.0;2019-07-26;sexta-feira;16:35:00;101.0;0.5;SERRA;Não guardar distância de segurança;Colisão lateral;Sem Vítimas;Pleno dia;Decrescente;Céu Claro;Dupla;Reta;1;2;0;0;0;2;0;0;2;-20.25116;-40.28692
224778.0;2019-07-26;sexta-feira;16:00:00;101.0;2.4;VITORIA;Falta de Atenção à Condução;Tombamento;Com Vítimas Feridas;Pleno dia;Crescente;Céu Claro;Dupla;Reta;1;1;0;1;0;0;0;1;1;-20.3154;-40.3018
224798.0;2019-07-26;sexta-feira;18:43:00;101.0;308.1;VIANA;Falta de Atenção do Pedestre;Atropelamento de Pedestre;Com Vítimas Feridas;Plena Noite;Decrescente;Céu Claro;Simples;Reta;0;2;0;1;0;1;0;1;1;-20.40809;-40.45835
224802.0;2019-07-26;sexta-feira;17:40:00;262.0;2.5;CARIACICA;Falta de Atenção à Condução;Colisão traseira;Com Vítimas Feridas;Anoitecer;Decrescente;Céu Claro;Múltipla;Reta;0;2;0;1;0;1;0;1;2;-20.33276;-40.36078
224803.0;2019-07-21;domingo;00:30:00;101.0;84;SAO MATEUS;Ingestão de Álcool;Saída de leito carroçável;Sem Vítimas;Plena Noite;Crescente;Chuva;Simples;Reta;0;1;0;0;0;1;0;0;1;-18.85088;-39.92872
224820.0;2019-07-26;sexta-feira;19:50:00;101.0;256;SERRA;Velocidade Incompatível;Colisão frontal;Com Vítimas Feridas;Plena Noite;Crescente;Céu Claro;Dupla;Reta;0;2;0;0;1;0;1;1;2;-20.11912;-40.31101
224849.0;2019-07-26;sexta-feira;21:55:00;101.0;143.4;LINHARES;Velocidade Incompatível;Colisão com objeto estático;Com Vítimas Feridas;Plena Noite;Crescente;Céu Claro;Múltipla;Reta;0;1;0;0;1;0;0;1;1;-19.3469;-40.0633
224855.0;2019-07-26;sexta-feira;21:40:00;259.0;64;COLATINA;Animais na Pista;Atropelamento de Animal;Com Vítimas Feridas;Plena Noite;Crescente;Nublado;Simples;Reta;0;1;0;1;0;0;0;1;1;-19.52282;-40.70687
224859.0;2019-07-27;sábado;00:15:00;101.0;377.1;ICONHA;Ingestão de Álcool;Colisão transversal;Com Vítimas Feridas;Plena Noite;Crescente;Nublado;Simples;Curva;1;3;0;0;2;1;0;2;2;-20.79427;-40.81173
224925.0;2019-07-19;sexta-feira;20:20:00;262.0;36.4;DOMINGOS MARTINS;Desobediência às normas de trânsito pelo condutor;Colisão frontal;Com Vítimas Feridas;Plena Noite;Crescente;Céu Claro;Simples;Curva;0;4;0;3;1;0;0;4;2;-20.38264;-40.6033
224931.0;2019-07-27;sábado;08:40:00;101.0;242;FUNDAO;Falta de Atenção à Condução;Colisão traseira;Com Vítimas Feridas;Pleno dia;Decrescente;Sol;Dupla;Reta;0;4;0;2;0;2;0;2;2;-20.03213;-40.39676
224961.0;2019-07-27;sábado;11:15:00;101.0;268.5;SERRA;Desobediência às normas de trânsito pelo condutor;Colisão traseira;Com Vítimas Feridas;Pleno dia;Decrescente;Céu Claro;Dupla;Reta;1;2;0;1;0;1;0;1;2;-20.20842;-40.2694
224967.0;2019-07-27;sábado;11:50:00;101.0;30.7;CONCEICAO DA BARRA;Falta de Atenção à Condução;Colisão traseira;Com Vítimas Feridas;Pleno dia;Crescente;Céu Claro;Simples;Reta;0;4;0;1;0;3;0;1;3;-18.40842;-39.93733
224981.0;2019-07-27;sábado;14:20:00;262.0;6.5;CARIACICA;Desobediência às normas de trânsito pelo condutor;Colisão transversal;Sem Vítimas;Pleno dia;Crescente;Sol;Múltipla;Interseção de vias;1;2;0;0;0;2;0;0;2;-20.34007;-40.39451
225007.0;2019-07-27;sábado;16:40:00;101.0;385.8;RIO NOVO DO SUL;Velocidade Incompatível;Saída de leito carroçável;Com Vítimas Feridas;Pleno dia;Decrescente;Nublado;Simples;Curva;0;1;0;1;0;0;0;1;1;-20.83676;-40.8679
225030.0;2019-07-27;sábado;18:50:00;101.0;268.9;SERRA;Falta de Atenção à Condução;Colisão transversal;Com Vítimas Feridas;Plena Noite;Decrescente;Céu Claro;Simples;Interseção de vias;1;2;0;1;0;1;0;1;2;-20.20842;-40.2694
225031.0;2019-07-27;sábado;19:00:00;101.0;32;CONCEICAO DA BARRA;Falta de Atenção à Condução;Colisão lateral;Com Vítimas Feridas;Plena Noite;Crescente;Ignorado;Simples;Reta;0;2;0;1;0;1;0;1;2;-18.4255;-39.93487
225038.0;2019-07-27;sábado;19:05:00;482.0;81.7;ALEGRE;Mal Súbito;Colisão com objeto estático;Sem Vítimas;Plena Noite;Crescente;Céu Claro;Simples;Não Informado;1;1;0;0;0;1;0;0;1;-20.76087;-41.51588
225043.0;2019-07-27;sábado;19:40:00;101.0;93;JAGUARE;Restrição de Visibilidade;Atropelamento de Pedestre;Com Vítimas Feridas;Plena Noite;Crescente;Ignorado;Simples;Reta;0;2;0;0;2;0;0;2;1;-18.92267;-39.96785
225079.0;2019-07-27;sábado;22:50:00;101.0;151.6;LINHARES;Não guardar distância de segurança;Colisão traseira;Sem Vítimas;Plena Noite;Crescente;Céu Claro;Simples;Curva;0;2;0;0;0;2;0;0;2;-19.41157;-40.06592
225107.0;2019-07-28;domingo;01:40:00;101.0;135;LINHARES;Ultrapassagem Indevida;Colisão lateral;Com Vítimas Feridas;Plena Noite;Crescente;Nublado;Simples;Reta;0;3;0;0;2;0;1;2;2;-19.27504;-40.08788
225129.0;2019-07-28;domingo;05:50:00;101.0;285;CARIACICA;Condutor Dormindo;Colisão com objeto estático;Com Vítimas Feridas;Amanhecer;Crescente;Céu Claro;Múltipla;Não Informado;0;1;0;1;0;0;0;1;1;-20.25148;-40.3727
225177.0;2019-07-28;domingo;12:00:00;262.0;64;MARECHAL FLORIANO;Ingestão de Álcool;Colisão frontal;Com Vítimas Feridas;Pleno dia;Crescente;Céu Claro;Simples;Reta;0;2;0;0;1;0;1;1;2;-20.41797;-40.81618
225183.0;2019-07-12;sexta-feira;17:55:00;101.0;141;LINHARES;Falta de Atenção à Condução;Colisão transversal;Com Vítimas Feridas;Plena Noite;Crescente;Céu Claro;Simples;Retorno Regulamentado;1;3;0;1;0;2;0;1;2;-19.32656;-40.07192
225201.0;2019-07-28;domingo;15:25:00;101.0;264;SERRA;Ingestão de Álcool;Colisão traseira;Sem Vítimas;Pleno dia;Crescente;Céu Claro;Dupla;Reta;1;2;0;0;0;2;0;0;2;-20.17293;-40.26736
225231.0;2019-07-28;domingo;16:30:00;101.0;268.5;SERRA;Falta de Atenção à Condução;Colisão lateral;Com Vítimas Feridas;Pleno dia;Crescente;Céu Claro;Dupla;Reta;1;3;0;1;0;2;0;1;2;-20.20842;-40.2694
225239.0;2019-07-28;domingo;18:00:00;101.0;144;LINHARES;Falta de Atenção à Condução;Tombamento;Com Vítimas Feridas;Plena Noite;Decrescente;Céu Claro;Simples;Reta;1;1;0;1;0;0;0;1;1;-19.35188;-40.06367
225248.0;2019-07-28;domingo;18:38:00;101.0;138.5;LINHARES;Desobediência às normas de trânsito pelo condutor;Colisão transversal;Com Vítimas Feridas;Plena Noite;Crescente;Céu Claro;Simples;Retorno Regulamentado;1;3;0;3;0;0;0;3;2;-19.30186;-40.08372
225250.0;2019-07-28;domingo;18:30:00;101.0;146.7;LINHARES;Não guardar distância de segurança;Colisão traseira;Com Vítimas Feridas;Plena Noite;Decrescente;Céu Claro;Simples;Reta;1;3;0;2;0;1;0;2;1;-19.36991;-40.06561
225254.0;2019-07-28;domingo;18:50:00;262.0;137;MUNIZ FREIRE;Condutor Dormindo;Capotamento;Com Vítimas Feridas;Plena Noite;Crescente;Céu Claro;Simples;Reta;0;1;0;0;1;0;0;1;1;-20.23526;-41.34328
225256.0;2019-07-28;domingo;17:50:00;101.0;212.5;IBIRACU;Falta de Atenção à Condução;Colisão transversal;Com Vítimas Feridas;Anoitecer;Crescente;Nublado;Simples;Reta;1;2;0;1;0;1;0;1;2;-19.81538;-40.36656
225264.0;2019-07-28;domingo;19:30:00;101.0;292.8;CARIACICA;Falta de Atenção à Condução;Colisão com objeto estático;Com Vítimas Feridas;Plena Noite;Decrescente;Nublado;Múltipla;Reta;1;1;0;1;0;0;0;1;1;-20.30651;-40.39489
225265.0;2019-07-28;domingo;19:00:00;259.0;57.7;COLATINA;Deficiência ou não Acionamento do Sistema de Iluminação/Sinalização do Veículo;Colisão transversal;Com Vítimas Feridas;Plena Noite;Decrescente;Nublado;Simples;Interseção de vias;1;4;0;1;1;1;1;2;2;-19.50866;-40.65581
225273.0;2019-07-28;domingo;19:45:00;101.0;371;ANCHIETA;Falta de Atenção à Condução;Tombamento;Com Vítimas Feridas;Plena Noite;Decrescente;Céu Claro;Simples;Curva;1;2;0;1;0;1;0;1;1;-20.77036;-40.76847
225281.0;2019-07-28;domingo;20:00:00;101.0;161;LINHARES;Restrição de Visibilidade;Colisão lateral;Com Vítimas Feridas;Plena Noite;Decrescente;Céu Claro;Simples;Reta;0;2;0;1;0;1;0;1;2;-19.48359;-40.11978
225321.0;2019-07-28;domingo;22:20:00;262.0;101;VENDA NOVA DO IMIGRANTE;Condutor Dormindo;Colisão frontal;Com Vítimas Feridas;Plena Noite;Crescente;Céu Claro;Simples;Não Informado;0;4;0;1;3;0;0;4;2;-20.34357;-41.10951
225363.0;2019-07-29;segunda-feira;07:40:00;262.0;0;CARIACICA;Desobediência às normas de trânsito pelo condutor;Colisão lateral;Com Vítimas Feridas;Pleno dia;Decrescente;Chuva;Dupla;Ponte;0;4;0;1;0;3;0;1;3;-20.32079;-40.35332
225382.0;2019-07-29;segunda-feira;09:00:00;101.0;293;CARIACICA;Desobediência às normas de trânsito pelo condutor;Colisão transversal;Com Vítimas Feridas;Pleno dia;Decrescente;Garoa/Chuvisco;Múltipla;Interseção de vias;1;3;0;2;0;1;0;2;2;-20.31526;-40.39567
225406.0;2019-07-29;segunda-feira;10:40:00;101.0;191.2;ARACRUZ;Pista Escorregadia;Saída de leito carroçável;Com Vítimas Feridas;Pleno dia;Decrescente;Chuva;Simples;Reta;0;1;0;1;0;0;0;1;1;-19.68909;-40.28696
225502.0;2019-07-29;segunda-feira;16:30:00;101.0;264.3;SERRA;Desobediência às normas de trânsito pelo condutor;Colisão transversal;Com Vítimas Feridas;Pleno dia;Crescente;Nublado;Múltipla;Interseção de vias;1;2;0;0;1;1;0;1;2;-20.17293;-40.26736
225505.0;2019-07-29;segunda-feira;18:00:00;482.0;113.4;GUACUI;Velocidade Incompatível;Colisão traseira;Com Vítimas Feridas;Plena Noite;Decrescente;Garoa/Chuvisco;Simples;Reta;0;2;0;1;0;0;1;1;2;-20.80855;-41.71732
225519.0;2019-07-29;segunda-feira;19:30:00;101.0;146;LINHARES;Falta de Atenção à Condução;Colisão lateral;Com Vítimas Feridas;Plena Noite;Crescente;Céu Claro;Múltipla;Retorno Regulamentado;1;2;0;1;0;1;0;1;2;-19.36991;-40.06561
225521.0;2019-07-25;quinta-feira;21:10:00;259.0;59;COLATINA;Ingestão de Álcool;Colisão traseira;Sem Vítimas;Plena Noite;Crescente;Céu Claro;Simples;Interseção de vias;0;3;0;0;0;3;0;0;2;-19.52125;-40.66594
225566.0;2019-07-30;terça-feira;07:59:00;101.0;268;SERRA;Desobediência às normas de trânsito pelo condutor;Colisão transversal;Com Vítimas Feridas;Pleno dia;Crescente;Sol;Múltipla;Reta;1;2;0;1;0;1;0;1;2;-20.20842;-40.2694
225585.0;2019-07-30;terça-feira;07:10:00;101.0;211.1;JOAO NEIVA;Desobediência às normas de trânsito pelo condutor;Colisão traseira;Sem Vítimas;Pleno dia;Crescente;Sol;Dupla;Desvio Temporário;0;3;0;0;0;2;1;0;3;-19.80701;-40.36767
225586.0;2019-07-14;domingo;21:25:00;101.0;429.7;ATILIO VIVACQUA;Ingestão de Álcool;Colisão lateral;Com Vítimas Feridas;Plena Noite;Crescente;Céu Claro;Simples;Curva;0;5;0;1;0;4;0;1;2;-21.02566;-41.15891
225599.0;2019-07-30;terça-feira;11:20:00;101.0;298.8;VIANA;Velocidade Incompatível;Atropelamento de Pedestre;Com Vítimas Feridas;Pleno dia;Decrescente;Céu Claro;Dupla;Curva;1;2;0;1;0;0;1;1;1;-20.35374;-40.41564
225649.0;2019-07-15;segunda-feira;03:30:00;101.0;154.5;LINHARES;Ingestão de Substâncias Psicoativas;Saída de leito carroçável;Sem Vítimas;Plena Noite;Crescente;Céu Claro;Simples;Reta;0;1;0;0;0;1;0;0;1;-19.43088;-40.08394
225669.0;2019-07-06;sábado;18:00:00;101.0;66.2;SAO MATEUS;Falta de Atenção à Condução;Colisão transversal;Com Vítimas Feridas;Anoitecer;Decrescente;Nublado;Múltipla;Reta;1;2;0;2;0;0;0;2;2;-18.71652;-39.87436
225672.0;2019-07-30;terça-feira;21:00:00;101.0;358.2;ANCHIETA;Não guardar distância de segurança;Colisão lateral;Com Vítimas Feridas;Plena Noite;Crescente;Céu Claro;Dupla;Reta;0;2;0;1;0;1;0;1;2;-20.69172;-40.70425
225795.0;2019-07-04;quinta-feira;10:10:00;101.0;316;VILA VELHA;Falta de Atenção à Condução;Colisão traseira;Com Vítimas Feridas;Pleno dia;Decrescente;Céu Claro;Simples;Curva;0;7;0;2;0;5;0;2;6;-20.47804;-40.47131
225819.0;2019-07-31;quarta-feira;17:40:00;101.0;266.8;SERRA;Desobediência às normas de trânsito pelo condutor;Colisão transversal;Com Vítimas Feridas;Anoitecer;Crescente;Nublado;Dupla;Interseção de vias;1;2;0;0;1;1;0;1;2;-20.1902;-40.26829
225830.0;2019-07-31;quarta-feira;18:30:00;262.0;152;IBATIBA;Desobediência às normas de trânsito pelo condutor;Colisão lateral;Com Vítimas Feridas;Plena Noite;Decrescente;Nublado;Simples;Curva;0;2;0;0;1;1;0;1;2;-20.21979;-41.45006
225847.0;2019-07-31;quarta-feira;19:45:00;101.0;289;CARIACICA;Falta de Atenção do Pedestre;Atropelamento de Pedestre;Com Vítimas Feridas;Plena Noite;Decrescente;Céu Claro;Dupla;Reta;1;2;0;2;0;0;0;2;1;-20.28029;-40.39303
225869.0;2019-07-31;quarta-feira;23:00:00;101.0;287.3;CARIACICA;Falta de Atenção à Condução;Colisão traseira;Com Vítimas Feridas;Plena Noite;Decrescente;Céu Claro;Dupla;Reta;1;1;0;1;0;0;0;1;1;-20.26494;-40.38472
225871.0;2019-07-31;quarta-feira;23:25:00;262.0;151;IBATIBA;Velocidade Incompatível;Tombamento;Com Vítimas Fatais;Plena Noite;Crescente;Céu Claro;Simples;Não Informado;0;1;1;0;0;0;0;0;1;-20.21488;-41.44926
225877.0;2019-08-01;quinta-feira;01:00:00;101.0;435.9;PRESIDENTE KENNEDY;Condutor Dormindo;Saída de leito carroçável;Com Vítimas Feridas;Plena Noite;Decrescente;Céu Claro;Simples;Reta;0;1;0;0;1;0;0;1;1;-21.05501;-41.19609
225892.0;2019-08-01;quinta-feira;06:50:00;101.0;296.9;CARIACICA;Falta de Atenção à Condução;Colisão traseira;Com Vítimas Feridas;Pleno dia;Crescente;Céu Claro;Dupla;Reta;0;2;0;1;0;1;0;1;2;-20.34351;-40.40724
225908.0;2019-08-01;quinta-feira;09:00:00;101.0;256.9;SERRA;Falta de Atenção à Condução;Atropelamento de Pedestre;Com Vítimas Feridas;Pleno dia;Crescente;Céu Claro;Múltipla;Reta;1;2;0;0;1;1;0;1;1;-20.11912;-40.31101
225935.0;2019-08-01;quinta-feira;09:00:00;262.0;170.9;IBATIBA;Velocidade Incompatível;Tombamento;Com Vítimas Feridas;Pleno dia;Crescente;Céu Claro;Simples;Curva;0;1;0;0;1;0;0;1;1;-20.26475;-41.58454
225986.0;2019-08-01;quinta-feira;17:00:00;101.0;148;LINHARES;Falta de Atenção à Condução;Colisão transversal;Com Vítimas Feridas;Pleno dia;Crescente;Céu Claro;Simples;Reta;0;2;0;1;0;1;0;1;2;-19.38787;-40.06753
226018.0;2019-08-01;quinta-feira;19:58:00;101.0;262.2;SERRA;Ingestão de Álcool;Colisão traseira;Sem Vítimas;Plena Noite;Decrescente;Céu Claro;Dupla;Reta;1;2;0;0;0;2;0;0;2;-20.15723;-40.27678
226030.0;2019-08-01;quinta-feira;20:50:00;101.0;357.9;ANCHIETA;Condutor Dormindo;Capotamento;Com Vítimas Feridas;Plena Noite;Decrescente;Céu Claro;Simples;Desvio Temporário;0;1;0;0;1;0;0;1;1;-20.6894;-40.69516
226093.0;2019-08-02;sexta-feira;06:50:00;101.0;146.5;LINHARES;Desobediência às normas de trânsito pelo condutor;Colisão lateral;Com Vítimas Feridas;Pleno dia;Crescente;Céu Claro;Múltipla;Reta;1;2;0;1;0;0;1;1;2;-19.36991;-40.06561
226096.0;2019-08-02;sexta-feira;07:10:00;101.0;295.5;CARIACICA;Desobediência às normas de trânsito pelo condutor;Colisão lateral;Com Vítimas Feridas;Pleno dia;Crescente;Céu Claro;Dupla;Reta;1;3;0;1;0;2;0;1;2;-20.33224;-40.40005
226098.0;2019-08-02;sexta-feira;07:20:00;262.0;3;CARIACICA;Defeito na Via;Colisão lateral;Com Vítimas Feridas;Pleno dia;Decrescente;Céu Claro;Dupla;Desvio Temporário;1;2;0;1;0;1;0;1;1;-20.33374;-40.36911
226115.0;2019-08-02;sexta-feira;07:40:00;101.0;2.3;VITORIA;Não guardar distância de segurança;Colisão traseira;Com Vítimas Feridas;Pleno dia;Crescente;Céu Claro;Dupla;Reta;1;3;0;1;0;2;0;1;3;-20.25352;-40.28844
226133.0;2019-08-02;sexta-feira;10:00:00;101.0;290;CARIACICA;Falta de Atenção à Condução;Queda de ocupante de veículo;Com Vítimas Feridas;Pleno dia;Crescente;Céu Claro;Dupla;Reta;0;1;0;1;0;0;0;1;1;-20.28928;-40.39182
226142.0;2019-08-02;sexta-feira;10:55:00;101.0;294;CARIACICA;Falta de Atenção à Condução;Colisão lateral;Com Vítimas Feridas;Pleno dia;Decrescente;Céu Claro;Dupla;Reta;1;3;0;1;1;1;0;2;2;-20.32416;-40.39529
226158.0;2019-08-02;sexta-feira;13:00:00;262.0;4;CARIACICA;Desobediência às normas de trânsito pelo condutor;Queda de ocupante de veículo;Com Vítimas Feridas;Pleno dia;Crescente;Céu Claro;Múltipla;Reta;1;3;0;1;0;1;1;1;2;-20.33609;-40.37813
226161.0;2019-08-02;sexta-feira;13:20:00;101.0;334.8;GUARAPARI;Falta de Atenção à Condução;Colisão transversal;Com Vítimas Fatais;Pleno dia;Decrescente;Céu Claro;Dupla;Retorno Regulamentado;1;3;1;1;0;1;0;1;2;-20.62382;-40.52365
226164.0;2019-05-17;sexta-feira;11:10:00;101.0;146.9;LINHARES;Falta de Atenção à Condução;Colisão lateral;Com Vítimas Feridas;Pleno dia;Decrescente;Nublado;Múltipla;Reta;1;2;0;1;0;1;0;1;2;-19.36991;-40.06561
226172.0;2019-06-15;sábado;06:50:00;262.0;1.3;CARIACICA;Falta de Atenção à Condução;Colisão lateral;Com Vítimas Feridas;Pleno dia;Crescente;Céu Claro;Dupla;Reta;1;2;0;1;0;1;0;1;2;-20.33285;-40.358
226187.0;2019-08-02;sexta-feira;15:00:00;259.0;4.4;JOAO NEIVA;Ultrapassagem Indevida;Saída de leito carroçável;Com Vítimas Feridas;Pleno dia;Decrescente;Céu Claro;Simples;Reta;0;1;0;1;0;0;0;1;1;-19.71303;-40.37763
226201.0;2019-08-02;sexta-feira;17:45:00;101.0;146.1;LINHARES;Falta de Atenção à Condução;Queda de ocupante de veículo;Com Vítimas Feridas;Anoitecer;Crescente;Nublado;Múltipla;Reta;1;1;0;0;1;0;0;1;1;-19.36991;-40.06561
226224.0;2019-08-02;sexta-feira;19:00:00;101.0;146.7;LINHARES;Defeito Mecânico no Veículo;Colisão traseira;Com Vítimas Feridas;Plena Noite;Decrescente;Céu Claro;Múltipla;Reta;1;2;0;1;0;1;0;1;2;-19.3694;-40.06535
226263.0;2019-08-02;sexta-feira;23:05:00;262.0;48;MARECHAL FLORIANO;Falta de Atenção à Condução;Queda de ocupante de veículo;Com Vítimas Feridas;Pleno dia;Crescente;Chuva;Simples;Reta;0;1;0;1;0;0;0;1;1;-20.41192;-40.68856
226310.0;2019-08-03;sábado;04:50:00;101.0;355.3;ANCHIETA;Ingestão de Álcool;Colisão frontal;Sem Vítimas;Plena Noite;Crescente;Céu Claro;Simples;Reta;0;2;0;0;0;0;2;0;2;-20.68854;-40.67979
226363.0;2019-08-03;sábado;11:30:00;259.0;59;COLATINA;Ingestão de Álcool;Colisão traseira;Com Vítimas Feridas;Pleno dia;Crescente;Céu Claro;Simples;Não Informado;1;2;0;0;1;0;1;1;2;-19.52523;-40.6744
226434.0;2019-08-03;sábado;17:30:00;101.0;282.3;CARIACICA;Defeito Mecânico no Veículo;Tombamento;Com Vítimas Feridas;Anoitecer;Decrescente;Céu Claro;Dupla;Reta;0;2;0;2;0;0;0;2;1;-20.22694;-40.36458
226467.0;2019-08-03;sábado;18:10:00;262.0;159.2;IBATIBA;Ingestão de Álcool;Colisão traseira;Sem Vítimas;Plena Noite;Decrescente;Céu Claro;Múltipla;Interseção de vias;1;2;0;0;0;2;0;0;2;-20.23452;-41.50626
226488.0;2019-08-03;sábado;17:00:00;101.0;46.9;SAO MATEUS;Avarias e/ou desgaste excessivo no pneu;Queda de ocupante de veículo;Com Vítimas Feridas;Anoitecer;Decrescente;Céu Claro;Simples;Reta;0;2;0;2;0;0;0;2;1;-18.55144;-39.90284
226496.0;2019-08-03;sábado;22:15:00;101.0;66.6;SAO MATEUS;Falta de Atenção à Condução;Colisão transversal;Com Vítimas Feridas;Plena Noite;Crescente;Ignorado;Dupla;Reta;1;3;0;0;1;1;1;1;2;-18.71652;-39.87436
226497.0;2019-08-03;sábado;21:50:00;101.0;144;LINHARES;Ingestão de Álcool;Colisão traseira;Com Vítimas Feridas;Plena Noite;Decrescente;Céu Claro;Dupla;Interseção de vias;1;2;0;1;0;1;0;1;2;-19.35188;-40.06367
226528.0;2019-08-04;domingo;00:25:00;101.0;271;SERRA;Falta de Atenção à Condução;Colisão lateral;Sem Vítimas;Plena Noite;Crescente;Céu Claro;Múltipla;Reta;1;2;0;0;0;0;2;0;2;-20.23267;-40.27658
226534.0;2019-08-04;domingo;01:35:00;262.0;184.3;IUNA;Desobediência às normas de trânsito pelo condutor;Colisão lateral;Com Vítimas Feridas;Plena Noite;Crescente;Nublado;Simples;Curva;0;2;0;0;1;1;0;1;2;-20.29552;-41.70588
226541.0;2019-08-04;domingo;02:50:00;101.0;162;LINHARES;Desobediência às normas de trânsito pelo condutor;Colisão transversal;Com Vítimas Feridas;Plena Noite;Crescente;Céu Claro;Simples;Reta;1;3;0;0;2;1;0;2;2;-19.49015;-40.12624
226585.0;2019-08-04;domingo;09:40:00;482.0;107;GUACUI;Pista Escorregadia;Queda de ocupante de veículo;Com Vítimas Feridas;Pleno dia;Crescente;Chuva;Simples;Reta;0;1;0;1;0;0;0;1;1;-20.78384;-41.66073
226601.0;2019-08-04;domingo;12:20:00;101.0;324.5;GUARAPARI;Defeito na Via;Queda de ocupante de veículo;Com Vítimas Feridas;Pleno dia;Crescente;Chuva;Simples;Reta;0;1;0;1;0;0;0;1;1;-20.54592;-40.48156
226656.0;2019-08-04;domingo;17:00:00;262.0;47;MARECHAL FLORIANO;Desobediência às normas de trânsito pelo condutor;Colisão transversal;Com Vítimas Feridas;Anoitecer;Crescente;Chuva;Simples;Reta;0;3;0;1;0;0;2;1;2;-20.4113;-40.67927
226771.0;2019-08-05;segunda-feira;01:45:00;262.0;37.9;DOMINGOS MARTINS;Velocidade Incompatível;Capotamento;Com Vítimas Feridas;Plena Noite;Crescente;Garoa/Chuvisco;Simples;Reta;0;2;0;2;0;0;0;2;1;-20.38128;-40.61151
226780.0;2019-08-05;segunda-feira;05:25:00;262.0;5.5;CARIACICA;Desobediência às normas de trânsito pelo condutor;Colisão transversal;Com Vítimas Feridas;Amanhecer;Crescente;Chuva;Múltipla;Reta;1;3;0;1;0;2;0;1;2;-20.33707;-40.3865
226804.0;2019-08-05;segunda-feira;08:15:00;101.0;99.3;JAGUARE;Velocidade Incompatível;Saída de leito carroçável;Com Vítimas Fatais;Pleno dia;Decrescente;Nublado;Simples;Reta;0;2;1;0;1;0;0;1;1;-18.97189;-39.99152
226811.0;2019-08-05;segunda-feira;08:47:00;262.0;39.9;DOMINGOS MARTINS;Pista Escorregadia;Colisão frontal;Com Vítimas Feridas;Pleno dia;Crescente;Chuva;Simples;Curva;0;5;0;4;1;0;0;5;2;-20.38027;-40.63001
226820.0;2019-03-19;terça-feira;06:50:00;101.0;1.2;SERRA;Não guardar distância de segurança;Colisão lateral;Com Vítimas Feridas;Pleno dia;Crescente;Céu Claro;Dupla;Reta;1;4;0;3;0;1;0;3;3;-20.24549;-40.28326
226822.0;2019-08-05;segunda-feira;09:50:00;101.0;2.5;VITORIA;Desobediência às normas de trânsito pelo condutor;Colisão lateral;Com Vítimas Feridas;Pleno dia;Crescente;Garoa/Chuvisco;Dupla;Reta;1;2;0;1;0;1;0;1;2;-20.3154;-40.3018