id;data_inversa;dia_semana;horario;br;km;municipio;causa_acidente;tipo_acidente;classificacao_acidente;fase_dia;sentido_via;condicao_metereologica;tipo_pista;tracado_via;uso_solo;pessoas;mortos;feridos_leves;feridos_graves;ilesos;ignorados;feridos;veiculos;latitude;longitude
226823.0;2019-08-05;segunda-feira;10:40:00;262.0;39;DOMINGOS MARTINS;Falta de Atenção à Condução;Engavetamento;Com Vítimas Feridas;Pleno dia;Crescente;Chuva;Simples;Reta;0;5;0;1;0;4;0;1;5;-20.38055;-40.62933
226846.0;2019-08-05;segunda-feira;13:15:00;101.0;296;CARIACICA;Falta de Atenção à Condução;Colisão transversal;Com Vítimas Feridas;Pleno dia;Crescente;Nublado;Múltipla;Reta;1;4;0;0;1;2;1;1;2;-20.3403;-40.40406
226873.0;2019-08-05;segunda-feira;15:54:00;101.0;268.6;SERRA;Falta de Atenção à Condução;Colisão traseira;Com Vítimas Feridas;Pleno dia;Decrescente;Garoa/Chuvisco;Múltipla;Interseção de vias;1;4;0;2;0;2;0;2;3;-20.21362;-40.26959
226906.0;2019-08-05;segunda-feira;18:05:00;262.0;57.8;MARECHAL FLORIANO;Falta de Atenção à Condução;Colisão lateral;Sem Vítimas;Plena Noite;Crescente;Chuva;Simples;Interseção de vias;0;2;0;0;0;2;0;0;2;-20.41326;-40.75928
226910.0;2019-08-05;segunda-feira;17:40:00;101.0;267.2;SERRA;Defeito Mecânico no Veículo;Colisão traseira;Com Vítimas Feridas;Anoitecer;Decrescente;Garoa/Chuvisco;Dupla;Interseção de vias;1;2;0;1;0;1;0;1;2;-20.19931;-40.26885
226917.0;2019-08-05;segunda-feira;18:15:00;101.0;345.6;GUARAPARI;Falta de Atenção à Condução;Engavetamento;Com Vítimas Feridas;Plena Noite;Decrescente;Garoa/Chuvisco;Simples;Reta;1;4;0;2;0;2;0;2;3;-20.66063;-40.60867
227041.0;2019-08-06;terça-feira;12:30:00;101.0;294;CARIACICA;Defeito Mecânico no Veículo;Incêndio;Sem Vítimas;Pleno dia;Crescente;Chuva;Simples;Reta;1;1;0;0;0;1;0;0;1;-20.32416;-40.39529
227052.0;2019-08-02;sexta-feira;20:47:00;101.0;319;GUARAPARI;Ingestão de Álcool;Capotamento;Com Vítimas Feridas;Plena Noite;Crescente;Nublado;Simples;Reta;0;1;0;1;0;0;0;1;1;-20.50358;-40.47484
227080.0;2019-08-06;terça-feira;18:00:00;101.0;181.7;ARACRUZ;Ultrapassagem Indevida;Colisão frontal;Com Vítimas Feridas;Plena Noite;Crescente;Chuva;Simples;Reta;0;2;0;0;2;0;0;2;2;-19.63125;-40.22615
227091.0;2019-08-06;terça-feira;18:00:00;101.0;117.9;SOORETAMA;Restrição de Visibilidade;Colisão traseira;Com Vítimas Feridas;Plena Noite;Crescente;Chuva;Simples;Reta;0;2;0;0;1;1;0;1;2;-19.11933;-40.06303
227099.0;2019-08-06;terça-feira;19:30:00;101.0;146.7;LINHARES;Falta de Atenção à Condução;Atropelamento de Pedestre;Com Vítimas Feridas;Plena Noite;Crescente;Chuva;Simples;Reta;0;2;0;0;2;0;0;2;1;-19.36991;-40.06561
227104.0;2019-07-14;domingo;14:00:00;262.0;155.7;IBATIBA;Falta de Atenção à Condução;Colisão lateral;Com Vítimas Feridas;Pleno dia;Decrescente;Sol;Simples;Reta;0;3;0;2;0;1;0;2;2;-20.22652;-41.47056
227105.0;2019-08-06;terça-feira;18:00:00;101.0;149.4;LINHARES;Não guardar distância de segurança;Queda de ocupante de veículo;Com Vítimas Feridas;Plena Noite;Decrescente;Chuva;Múltipla;Reta;1;1;0;1;0;0;0;1;1;-19.39619;-40.06436
227146.0;2019-08-07;quarta-feira;07:00:00;262.0;1.3;CARIACICA;Desobediência às normas de trânsito pelo condutor;Colisão transversal;Com Vítimas Feridas;Pleno dia;Crescente;Chuva;Dupla;Reta;1;2;0;0;1;1;0;1;2;-20.32955;-40.35493
227152.0;2019-08-07;quarta-feira;06:40:00;101.0;143.8;LINHARES;Não guardar distância de segurança;Colisão traseira;Com Vítimas Feridas;Amanhecer;Decrescente;Nublado;Múltipla;Reta;1;2;0;0;2;0;0;2;2;-19.34287;-40.06386
227176.0;2019-08-07;quarta-feira;08:46:00;101.0;264.7;SERRA;Desobediência às normas de trânsito pelo condutor;Colisão lateral;Com Vítimas Feridas;Pleno dia;Crescente;Nublado;Múltipla;Não Informado;1;2;0;1;0;1;0;1;2;-20.1786;-40.26562
227178.0;2019-08-07;quarta-feira;08:30:00;101.0;229.4;FUNDAO;Mal Súbito;Colisão com objeto estático;Com Vítimas Feridas;Pleno dia;Decrescente;Nublado;Dupla;Reta;1;3;0;2;0;1;0;2;2;-19.92728;-40.40587
227182.0;2019-08-07;quarta-feira;08:30:00;262.0;1.3;CARIACICA;Falta de Atenção à Condução;Colisão lateral;Com Vítimas Feridas;Pleno dia;Decrescente;Chuva;Dupla;Reta;1;2;0;0;1;1;0;1;2;-20.32955;-40.35493
227187.0;2019-08-07;quarta-feira;08:40:00;259.0;6.3;JOAO NEIVA;Velocidade Incompatível;Colisão com objeto estático;Com Vítimas Feridas;Pleno dia;Crescente;Chuva;Simples;Ponte;0;2;0;1;0;1;0;1;2;-19.68871;-40.38869
227208.0;2019-08-07;quarta-feira;12:25:00;262.0;41;DOMINGOS MARTINS;Pista Escorregadia;Capotamento;Com Vítimas Feridas;Pleno dia;Crescente;Chuva;Simples;Curva;0;3;0;0;1;2;0;1;1;-20.38521;-40.64486
227219.0;2019-08-07;quarta-feira;10:50:00;482.0;17.2;CACHOEIRO DE ITAPEMIRIM;Falta de Atenção à Condução;Colisão traseira;Com Vítimas Feridas;Pleno dia;Decrescente;Nublado;Simples;Reta;0;2;0;1;0;1;0;1;2;-20.8387;-41.08417
227221.0;2019-05-25;sábado;07:28:00;101.0;298.6;VIANA;Desobediência às normas de trânsito pelo condutor;Colisão transversal;Com Vítimas Feridas;Pleno dia;Decrescente;Céu Claro;Dupla;Reta;1;2;0;0;1;1;0;1;2;-20.35725;-40.41898
227251.0;2019-08-07;quarta-feira;16:00:00;101.0;268;SERRA;Falta de Atenção à Condução;Colisão transversal;Com Vítimas Feridas;Pleno dia;Crescente;Nublado;Múltipla;Reta;1;2;0;1;0;1;0;1;2;-20.20842;-40.2694
227258.0;2019-08-07;quarta-feira;15:45:00;101.0;252.9;SERRA;Falta de Atenção à Condução;Colisão transversal;Com Vítimas Feridas;Pleno dia;Crescente;Nublado;Simples;Reta;0;2;0;1;0;1;0;1;2;-20.10485;-40.33262
227274.0;2019-08-07;quarta-feira;18:20:00;262.0;194.8;IUNA;Deficiência ou não Acionamento do Sistema de Iluminação/Sinalização do Veículo;Colisão traseira;Com Vítimas Feridas;Plena Noite;Decrescente;Nublado;Simples;Não Informado;0;2;0;0;1;1;0;1;2;-20.28545;-41.76942
227275.0;2019-08-07;quarta-feira;18:40:00;262.0;6.3;CARIACICA;Falta de Atenção à Condução;Colisão transversal;Com Vítimas Feridas;Anoitecer;Decrescente;Chuva;Simples;Reta;1;5;0;3;0;2;0;3;2;-20.34007;-40.39451
227282.0;2019-07-06;sábado;14:00:00;101.0;65.9;SAO MATEUS;Falta de Atenção à Condução;Colisão lateral;Com Vítimas Feridas;Pleno dia;Decrescente;Nublado;Múltipla;Reta;1;2;0;0;1;1;0;1;2;-18.70936;-39.87762
227289.0;2019-08-07;quarta-feira;18:00:00;101.0;285;CARIACICA;Não guardar distância de segurança;Colisão lateral;Com Vítimas Feridas;Plena Noite;Crescente;Chuva;Dupla;Reta;1;3;0;0;2;0;1;2;2;-20.25148;-40.3727
227315.0;2019-08-08;quinta-feira;00:40:00;101.0;125;SOORETAMA;Condutor Dormindo;Colisão traseira;Com Vítimas Feridas;Plena Noite;Decrescente;Ignorado;Simples;Reta;1;2;0;1;0;1;0;1;2;-19.18496;-40.0943
227320.0;2019-08-08;quinta-feira;00:40:00;101.0;270.4;SERRA;Desobediência às normas de trânsito pelo condutor;Colisão transversal;Com Vítimas Feridas;Plena Noite;Decrescente;Nublado;Múltipla;Não Informado;1;4;0;1;1;1;1;2;2;-20.23116;-40.27357
227371.0;2019-08-08;quinta-feira;08:32:00;101.0;154;LINHARES;Falta de Atenção à Condução;Queda de ocupante de veículo;Com Vítimas Feridas;Pleno dia;Crescente;Sol;Simples;Reta;0;1;0;1;0;0;0;1;1;-19.43088;-40.08394
227389.0;2019-08-08;quinta-feira;10:30:00;101.0;274.5;SERRA;Falta de Atenção à Condução;Saída de leito carroçável;Com Vítimas Feridas;Pleno dia;Crescente;Sol;Dupla;Curva;0;1;0;1;0;0;0;1;1;-20.20937;-40.29819
227390.0;2019-08-08;quinta-feira;10:40:00;101.0;147;LINHARES;Falta de Atenção do Pedestre;Atropelamento de Pedestre;Com Vítimas Feridas;Pleno dia;Decrescente;Céu Claro;Simples;Reta;1;3;0;0;1;1;1;1;1;-19.37887;-40.06658
227406.0;2019-08-08;quinta-feira;12:00:00;101.0;181.8;LINHARES;Falta de Atenção à Condução;Engavetamento;Com Vítimas Feridas;Pleno dia;Crescente;Céu Claro;Simples;Reta;0;6;0;1;0;5;0;1;3;-19.63125;-40.22615
227425.0;2019-08-08;quinta-feira;14:00:00;101.0;307;VIANA;Falta de Atenção à Condução;Colisão transversal;Com Vítimas Feridas;Pleno dia;Crescente;Céu Claro;Simples;Reta;0;4;0;2;0;2;0;2;3;-20.39979;-40.45605
227470.0;2019-07-15;segunda-feira;12:10:00;262.0;62;MARECHAL FLORIANO;Falta de Atenção à Condução;Colisão traseira;Com Vítimas Feridas;Pleno dia;Decrescente;Céu Claro;Simples;Reta;0;4;0;1;0;1;2;1;3;-20.4263;-40.79613
227475.0;2019-08-08;quinta-feira;17:30:00;101.0;271;SERRA;Desobediência às normas de trânsito pelo condutor;Colisão transversal;Sem Vítimas;Pleno dia;Decrescente;Céu Claro;Dupla;Reta;1;2;0;0;0;2;0;0;2;-20.23267;-40.27658
227483.0;2019-08-08;quinta-feira;19:10:00;101.0;322;GUARAPARI;Defeito Mecânico no Veículo;Saída de leito carroçável;Com Vítimas Feridas;Plena Noite;Crescente;Céu Claro;Simples;Reta;0;1;0;1;0;0;0;1;1;-20.52834;-40.48237
227502.0;2019-08-08;quinta-feira;21:00:00;101.0;265.5;SERRA;Falta de Atenção à Condução;Colisão transversal;Com Vítimas Feridas;Plena Noite;Crescente;Céu Claro;Múltipla;Reta;1;2;0;2;0;0;0;2;2;-20.1885;-40.2684
227529.0;2019-08-08;quinta-feira;22:20:00;259.0;62;COLATINA;Animais na Pista;Queda de ocupante de veículo;Com Vítimas Feridas;Plena Noite;Crescente;Céu Claro;Simples;Reta;1;1;0;0;1;0;0;1;1;-19.53124;-40.68991
227550.0;2019-08-09;sexta-feira;06:50:00;101.0;153;LINHARES;Defeito Mecânico no Veículo;Colisão traseira;Com Vítimas Feridas;Pleno dia;Crescente;Céu Claro;Simples;Reta;0;3;0;1;0;2;0;1;3;-19.42334;-40.07872
227569.0;2019-08-09;sexta-feira;08:25:00;262.0;4.6;CARIACICA;Falta de Atenção à Condução;Colisão traseira;Sem Vítimas;Pleno dia;Crescente;Céu Claro;Múltipla;Reta;1;3;0;0;0;3;0;0;3;-20.33609;-40.37813
227570.0;2019-05-13;segunda-feira;06:40:00;262.0;1.8;CARIACICA;Desobediência às normas de trânsito pelo condutor;Atropelamento de Pedestre;Com Vítimas Feridas;Pleno dia;Decrescente;Céu Claro;Dupla;Curva;1;2;0;0;1;1;0;1;1;-20.33304;-40.36057
227581.0;2019-05-29;quarta-feira;10:50:00;393.0;0.9;CACHOEIRO DE ITAPEMIRIM;Desobediência às normas de trânsito pelo condutor;Colisão transversal;Com Vítimas Feridas;Pleno dia;Crescente;Céu Claro;Simples;Reta;1;2;0;0;1;0;1;1;2;-20.84132;-41.15929
227585.0;2019-08-09;sexta-feira;07:40:00;101.0;266.1;SERRA;Não guardar distância de segurança;Colisão traseira;Com Vítimas Feridas;Pleno dia;Crescente;Sol;Múltipla;Reta;1;2;0;1;0;0;1;1;2;-20.19265;-40.26875
227586.0;2019-08-09;sexta-feira;09:40:00;101.0;2.6;VITORIA;Falta de Atenção à Condução;Engavetamento;Sem Vítimas;Pleno dia;Crescente;Céu Claro;Dupla;Reta;1;3;0;0;0;3;0;0;3;-20.25454;-40.28914
227601.0;2019-08-09;sexta-feira;10:40:00;262.0;45;MARECHAL FLORIANO;Desobediência às normas de trânsito pelo condutor;Colisão transversal;Com Vítimas Feridas;Pleno dia;Crescente;Céu Claro;Simples;Reta;0;2;0;0;1;1;0;1;2;-20.40813;-40.67395
227604.0;2019-06-01;sábado;13:10:00;101.0;67;SAO MATEUS;Desobediência às normas de trânsito pelo condutor;Colisão traseira;Com Vítimas Feridas;Pleno dia;Decrescente;Céu Claro;Dupla;Reta;1;3;0;0;2;1;0;2;2;-18.72054;-39.86589
227610.0;2019-08-09;sexta-feira;12:00:00;101.0;222.8;IBIRACU;Não guardar distância de segurança;Colisão traseira;Com Vítimas Feridas;Pleno dia;Crescente;Sol;Simples;Reta;0;3;0;2;0;1;0;2;2;-19.86968;-40.40916
227671.0;2019-08-09;sexta-feira;16:29:00;101.0;151;LINHARES;Falta de Atenção à Condução;Colisão transversal;Com Vítimas Feridas;Pleno dia;Decrescente;Sol;Simples;Interseção de vias;0;2;0;1;0;1;0;1;2;-19.41157;-40.06592
227718.0;2019-08-09;sexta-feira;20:20:00;101.0;144;LINHARES;Falta de Atenção à Condução;Colisão traseira;Com Vítimas Feridas;Plena Noite;Decrescente;Céu Claro;Dupla;Reta;1;2;0;0;1;1;0;1;2;-19.35188;-40.06367
227733.0;2019-08-09;sexta-feira;20:30:00;101.0;267.2;SERRA;Falta de Atenção à Condução;Colisão transversal;Com Vítimas Feridas;Plena Noite;Crescente;Céu Claro;Dupla;Interseção de vias;1;2;0;1;0;1;0;1;2;-20.19931;-40.26885
227754.0;2019-08-09;sexta-feira;23:30:00;262.0;157;IBATIBA;Animais na Pista;Atropelamento de Animal;Com Vítimas Feridas;Plena Noite;Decrescente;Céu Claro;Simples;Reta;1;1;0;0;1;0;0;1;1;-20.23103;-41.48811
227772.0;2019-08-10;sábado;00:25:00;101.0;108;SOORETAMA;Pista Escorregadia;Tombamento;Com Vítimas Feridas;Plena Noite;Crescente;Chuva;Simples;Reta;0;1;0;1;0;0;0;1;1;-19.0458;-40.0268
227821.0;2019-08-10;sábado;08:00:00;101.0;245;SERRA;Agressão Externa;Tombamento;Com Vítimas Feridas;Pleno dia;Crescente;Céu Claro;Simples;Reta;0;2;0;2;0;0;0;2;1;-20.05454;-40.3819
227830.0;2019-08-10;sábado;09:00:00;101.0;262.4;SERRA;Desobediência às normas de trânsito pelo condutor;Colisão lateral;Com Vítimas Feridas;Pleno dia;Crescente;Sol;Múltipla;Não Informado;1;3;0;0;1;2;0;1;3;-20.15723;-40.27678
227869.0;2019-08-10;sábado;12:50:00;259.0;96.2;BAIXO GUANDU;Falta de Atenção à Condução;Colisão transversal;Com Vítimas Feridas;Pleno dia;Decrescente;Céu Claro;Simples;Reta;0;2;0;0;1;1;0;1;2;-19.50657;-40.96112
227938.0;2019-08-10;sábado;18:10:00;101.0;148.9;LINHARES;Desobediência às normas de trânsito pelo condutor;Colisão transversal;Com Vítimas Feridas;Anoitecer;Decrescente;Céu Claro;Múltipla;Reta;1;3;0;2;0;1;0;2;2;-19.38787;-40.06753
227947.0;2019-08-10;sábado;19:30:00;101.0;272;SERRA;Falta de Atenção à Condução;Colisão com objeto estático;Com Vítimas Fatais;Plena Noite;Decrescente;Céu Claro;Dupla;Reta;1;3;2;0;0;1;0;0;2;-20.22725;-40.28427
227967.0;2019-08-10;sábado;21:10:00;101.0;164;LINHARES;Não guardar distância de segurança;Colisão traseira;Com Vítimas Feridas;Pleno dia;Crescente;Nublado;Simples;Reta;0;2;0;1;0;1;0;1;2;-19.50608;-40.1347
227971.0;2019-08-10;sábado;21:15:00;262.0;21;VIANA;Falta de Atenção do Pedestre;Atropelamento de Pedestre;Com Vítimas Feridas;Plena Noite;Crescente;Céu Claro;Dupla;Reta;1;2;0;0;1;0;1;1;1;-20.38054;-40.50498
228012.0;2019-08-10;sábado;22:50:00;101.0;146.3;LINHARES;Falta de Atenção à Condução;Colisão lateral;Com Vítimas Feridas;Plena Noite;Decrescente;Céu Claro;Múltipla;Reta;1;2;0;1;0;1;0;1;2;-19.36991;-40.06561
228024.0;2019-08-11;domingo;03:15:00;262.0;17;VIANA;Desobediência às normas de trânsito pelo condutor;Colisão frontal;Com Vítimas Feridas;Plena Noite;Crescente;Céu Claro;Simples;Reta;0;4;0;1;0;0;3;1;2;-20.38636;-40.47273
228114.0;2019-08-11;domingo;11:40:00;262.0;4;CARIACICA;Desobediência às normas de trânsito pelo condutor;Colisão com objeto estático;Com Vítimas Feridas;Pleno dia;Decrescente;Céu Claro;Dupla;Reta;1;2;0;2;0;0;0;2;1;-20.33609;-40.37813
228137.0;2019-08-11;domingo;14:50:00;101.0;241;SERRA;Ingestão de Álcool;Colisão frontal;Com Vítimas Feridas;Pleno dia;Crescente;Céu Claro;Simples;Não Informado;0;2;0;0;1;1;0;1;2;-20.0239;-40.39998
228160.0;2019-08-11;domingo;15:25:00;262.0;98.9;VENDA NOVA DO IMIGRANTE;Falta de Atenção à Condução;Colisão traseira;Sem Vítimas;Pleno dia;Decrescente;Céu Claro;Simples;Não Informado;0;2;0;0;0;2;0;0;2;-20.35624;-41.08499
228188.0;2019-08-11;domingo;18:30:00;101.0;96.4;JAGUARE;Falta de Atenção à Condução;Colisão frontal;Com Vítimas Feridas;Plena Noite;Decrescente;Nublado;Simples;Reta;0;2;0;0;1;1;0;1;2;-18.95546;-39.98367
228192.0;2019-08-11;domingo;18:00:00;262.0;115.9;CONCEICAO DO CASTELO;Velocidade Incompatível;Colisão lateral;Com Vítimas Feridas;Anoitecer;Crescente;Céu Claro;Simples;Interseção de vias;0;2;0;0;1;1;0;1;2;-20.31838;-41.22564
228224.0;2019-08-11;domingo;19:34:00;482.0;106.9;GUACUI;Ingestão de Álcool;Colisão traseira;Com Vítimas Feridas;Plena Noite;Crescente;Nublado;Simples;Curva;1;2;0;1;0;1;0;1;2;-20.77496;-41.676
228306.0;2019-08-12;segunda-feira;07:50:00;101.0;259.2;SERRA;Desobediência às normas de trânsito pelo condutor;Colisão frontal;Com Vítimas Fatais;Pleno dia;Crescente;Céu Claro;Dupla;Não Informado;1;5;1;1;0;0;3;1;3;-20.1384;-40.29221
228317.0;2019-08-12;segunda-feira;07:00:00;262.0;57.8;MARECHAL FLORIANO;Condutor Dormindo;Capotamento;Com Vítimas Feridas;Pleno dia;Decrescente;Céu Claro;Simples;Curva;0;1;0;0;1;0;0;1;1;-20.42023;-40.76684
228320.0;2019-08-12;segunda-feira;09:00:00;101.0;0.5;SERRA;Falta de Atenção à Condução;Colisão traseira;Com Vítimas Feridas;Pleno dia;Crescente;Céu Claro;Múltipla;Desvio Temporário;1;4;0;2;0;2;0;2;3;-20.2384;-40.27884
228342.0;2019-08-12;segunda-feira;10:00:00;101.0;2.2;VITORIA;Falta de Atenção à Condução;Colisão lateral;Com Vítimas Feridas;Pleno dia;Decrescente;Sol;Dupla;Reta;1;2;0;1;0;1;0;1;2;-20.3154;-40.3018
228422.0;2019-08-12;segunda-feira;18:20:00;101.0;290.5;CARIACICA;Desobediência às normas de trânsito pelo condutor;Colisão frontal;Com Vítimas Feridas;Plena Noite;Crescente;Céu Claro;Dupla;Reta;1;4;0;3;0;1;0;3;3;-20.28928;-40.39182
228432.0;2019-08-12;segunda-feira;19:30:00;101.0;177;ARACRUZ;Ingestão de Álcool;Colisão frontal;Sem Vítimas;Plena Noite;Crescente;Céu Claro;Simples;Reta;0;2;0;0;0;2;0;0;2;-19.60287;-40.20326
228436.0;2019-08-12;segunda-feira;20:05:00;101.0;150.1;LINHARES;Velocidade Incompatível;Colisão com objeto estático;Com Vítimas Feridas;Plena Noite;Crescente;Céu Claro;Múltipla;Curva;1;1;0;1;0;0;0;1;1;-19.40437;-40.06079
228465.0;2019-08-13;terça-feira;01:40:00;101.0;298;VIANA;Falta de Atenção à Condução;Colisão frontal;Com Vítimas Feridas;Plena Noite;Decrescente;Céu Claro;Dupla;Reta;1;2;0;1;0;1;0;1;2;-20.35374;-40.41564
228468.0;2019-08-13;terça-feira;02:30:00;262.0;170.5;IUNA;Falta de Atenção à Condução;Tombamento;Com Vítimas Feridas;Plena Noite;Crescente;Céu Claro;Simples;Curva;0;1;0;0;1;0;0;1;1;-20.26468;-41.57615
228487.0;2019-08-13;terça-feira;07:10:00;101.0;375.9;ICONHA;Velocidade Incompatível;Colisão com objeto estático;Com Vítimas Feridas;Amanhecer;Decrescente;Céu Claro;Simples;Interseção de vias;1;1;0;0;1;0;0;1;1;-20.78856;-40.79561
228488.0;2019-08-13;terça-feira;07:30:00;101.0;298;VIANA;Falta de Atenção à Condução;Colisão lateral;Com Vítimas Feridas;Pleno dia;Crescente;Céu Claro;Dupla;Reta;0;3;0;1;0;2;0;1;2;-20.35374;-40.41564
228492.0;2019-08-13;terça-feira;08:00:00;101.0;119;SOORETAMA;Sinalização da via insuficiente ou inadequada;Danos eventuais;Com Vítimas Feridas;Pleno dia;Crescente;Céu Claro;Simples;Desvio Temporário;0;2;0;1;0;1;0;1;2;-19.13567;-40.07109
228508.0;2019-08-13;terça-feira;08:30:00;101.0;267.2;SERRA;Falta de Atenção do Pedestre;Atropelamento de Pedestre;Com Vítimas Feridas;Pleno dia;Decrescente;Sol;Dupla;Reta;1;2;0;2;0;0;0;2;1;-20.19931;-40.26885
228529.0;2019-08-13;terça-feira;11:20:00;101.0;298.6;VIANA;Objeto estático sobre o leito carroçável;Colisão com objeto estático;Com Vítimas Feridas;Pleno dia;Crescente;Sol;Múltipla;Reta;1;1;0;1;0;0;0;1;1;-20.35374;-40.41564
228536.0;2019-08-13;terça-feira;12:10:00;262.0;16;VIANA;Falta de Atenção à Condução;Colisão transversal;Com Vítimas Feridas;Pleno dia;Crescente;Sol;Simples;Reta;0;2;0;0;1;1;0;1;2;-20.38441;-40.46308
228549.0;2019-07-29;segunda-feira;16:00:00;101.0;458.5;MIMOSO DO SUL;Velocidade Incompatível;Colisão lateral;Com Vítimas Feridas;Pleno dia;Decrescente;Garoa/Chuvisco;Simples;Reta;0;3;0;2;0;1;0;2;2;-21.20216;-41.30075
228581.0;2019-08-13;terça-feira;16:00:00;101.0;174.6;ARACRUZ;Falta de Atenção à Condução;Colisão transversal;Com Vítimas Feridas;Pleno dia;Decrescente;Céu Claro;Simples;Reta;1;3;0;1;0;2;0;1;2;-19.58511;-40.18997
228595.0;2019-08-13;terça-feira;16:30:00;101.0;256.6;SERRA;Falta de Atenção à Condução;Colisão frontal;Com Vítimas Feridas;Pleno dia;Decrescente;Céu Claro;Múltipla;Reta;1;3;0;0;1;2;0;1;2;-20.11912;-40.31101
228597.0;2019-08-13;terça-feira;17:40:00;101.0;68.5;SAO MATEUS;Falta de Atenção à Condução;Colisão lateral;Com Vítimas Feridas;Plena Noite;Crescente;Céu Claro;Simples;Reta;1;2;0;0;1;1;0;1;2;-18.7266;-39.85975
228615.0;2019-08-13;terça-feira;19:15:00;393.0;1;CACHOEIRO DE ITAPEMIRIM;Falta de Atenção à Condução;Colisão transversal;Com Vítimas Feridas;Plena Noite;Crescente;Ignorado;Simples;Reta;1;2;0;1;0;1;0;1;2;-20.83723;-41.16733
228617.0;2019-08-13;terça-feira;18:40:00;262.0;174;IBATIBA;Velocidade Incompatível;Colisão traseira;Sem Vítimas;Plena Noite;Decrescente;Céu Claro;Simples;Não Informado;0;2;0;0;0;2;0;0;2;-20.27644;-41.63551
228640.0;2019-08-13;terça-feira;22:20:00;101.0;264.7;SERRA;Ingestão de Álcool;Colisão transversal;Com Vítimas Feridas;Plena Noite;Crescente;Céu Claro;Dupla;Interseção de vias;1;2;0;2;0;0;0;2;2;-20.17293;-40.26736
228698.0;2019-08-14;quarta-feira;12:30:00;262.0;6.5;CARIACICA;Falta de Atenção à Condução;Colisão traseira;Com Vítimas Feridas;Pleno dia;Crescente;Garoa/Chuvisco;Múltipla;Reta;1;2;0;1;0;1;0;1;2;-20.34264;-40.40229
228707.0;2019-05-30;quinta-feira;17:30:00;262.0;18.2;VIANA;Falta de Atenção à Condução;Colisão transversal;Com Vítimas Feridas;Anoitecer;Crescente;Céu Claro;Simples;Reta;0;2;0;0;1;1;0;1;2;-20.39137;-40.4808
228720.0;2019-08-14;quarta-feira;14:40:00;259.0;52.6;COLATINA;Falta de Atenção à Condução;Colisão traseira;Com Vítimas Feridas;Pleno dia;Crescente;Céu Claro;Dupla;Curva;0;5;0;2;2;1;0;4;2;-19.50224;-40.62082
228747.0;2019-08-14;quarta-feira;17:50:00;101.0;0.5;SERRA;Falta de Atenção à Condução;Colisão lateral;Com Vítimas Feridas;Anoitecer;Crescente;Céu Claro;Simples;Reta;1;5;0;0;1;4;0;1;3;-20.12909;-40.30812
228765.0;2019-08-14;quarta-feira;20:10:00;101.0;1;SERRA;Defeito Mecânico no Veículo;Tombamento;Com Vítimas Feridas;Plena Noite;Crescente;Nublado;Dupla;Reta;1;1;0;0;1;0;0;1;1;-20.24075;-40.28
228769.0;2019-08-14;quarta-feira;20:30:00;101.0;178;ARACRUZ;Falta de Atenção à Condução;Queda de ocupante de veículo;Com Vítimas Feridas;Plena Noite;Decrescente;Céu Claro;Simples;Curva;0;2;0;0;2;0;0;2;1;-19.61033;-40.20858
228790.0;2019-08-14;quarta-feira;21:50:00;101.0;267.8;SERRA;Desobediência às normas de trânsito pelo condutor;Colisão transversal;Com Vítimas Feridas;Plena Noite;Decrescente;Chuva;Dupla;Reta;1;8;0;5;2;1;0;7;2;-20.19931;-40.26885
228815.0;2019-08-15;quinta-feira;04:25:00;101.0;258;SERRA;Falta de Atenção à Condução;Colisão frontal;Com Vítimas Feridas;Plena Noite;Crescente;Nublado;Dupla;Desvio Temporário;1;3;0;1;1;1;0;2;2;-20.1306;-40.2961
228832.0;2019-08-15;quinta-feira;07:20:00;262.0;107.5;VENDA NOVA DO IMIGRANTE;Ultrapassagem Indevida;Colisão frontal;Com Vítimas Feridas;Amanhecer;Crescente;Sol;Simples;Reta;1;2;0;0;1;1;0;1;2;-20.32992;-41.15344
228875.0;2019-08-15;quinta-feira;11:30:00;262.0;33;DOMINGOS MARTINS;Pista Escorregadia;Saída de leito carroçável;Com Vítimas Feridas;Pleno dia;Crescente;Chuva;Simples;Curva;0;2;0;1;0;1;0;1;1;-20.37535;-40.58433
228893.0;2019-06-28;sexta-feira;18:30:00;101.0;285;CARIACICA;Desobediência às normas de trânsito pelo pedestre;Atropelamento de Pedestre;Com Vítimas Feridas;Plena Noite;Decrescente;Ignorado;Dupla;Reta;0;2;0;1;0;1;0;1;1;-20.25211;-40.37303
228902.0;2019-08-15;quinta-feira;14:30:00;262.0;24.5;VIANA;Condutor Dormindo;Colisão com objeto estático;Com Vítimas Feridas;Pleno dia;Crescente;Nublado;Simples;Curva;0;1;0;1;0;0;0;1;1;-20.37918;-40.52625
228903.0;2019-08-15;quinta-feira;09:00:00;262.0;137.8;BREJETUBA;Ultrapassagem Indevida;Tombamento;Com Vítimas Feridas;Pleno dia;Decrescente;Nublado;Simples;Curva;0;3;0;1;0;2;0;1;2;-20.23526;-41.34328
228951.0;2019-08-15;quinta-feira;20:40:00;262.0;6.8;CARIACICA;Desobediência às normas de trânsito pelo pedestre;Atropelamento de Pedestre;Com Vítimas Feridas;Plena Noite;Decrescente;Ignorado;Dupla;Reta;1;2;0;1;0;1;0;1;1;-20.34007;-40.39451